fileName,customerNumber,customerName,startPage,keyword1,keyword2,keyword3,keyword4,keyword5,keyword6,keyword7,keyword8,keyword9,keyword10,keydate1,keydate2,keydate3,keydate4,keydate5,keydate6,keydate7,keydate8,keydate9,keydate10
document_name_000001,cust_0000001,お客様００００００１,1,,,,,,,,,,,,,,,,,,,,
document_name_000001,cust_0000002,お客様００００００１,2,,,,,,,,,,,,,,,,,,,,
document_name_000001,cust_0000003,お客様００００００１,3,,,,,,,,,,,,,,,,,,,,
document_name_000001,cust_0000004,お客様００００００１,4,,,,,,,,,,,,,,,,,,,,
document_name_000001,cust_0000005,お客様００００００１,5,,,,,,,,,,,,,,,,,,,,
document_name_000001,cust_0000006,お客様００００００１,6,,,,,,,,,,,,,,,,,,,,
document_name_000001,cust_0000007,お客様００００００１,7,,,,,,,,,,,,,,,,,,,,
document_name_000001,cust_0000008,お客様００００００１,8,,,,,,,,,,,,,,,,,,,,
document_name_000001,cust_0000009,お客様００００００１,9,,,,,,,,,,,,,,,,,,,,
document_name_000001,cust_0000010,お客様００００００１,10,,,,,,,,,,,,,,,,,,,,
document_name_000001,cust_0000011,お客様００００００１,11,,,,,,,,,,,,,,,,,,,,
document_name_000001,cust_0000012,お客様００００００１,12,,,,,,,,,,,,,,,,,,,,
document_name_000001,cust_0000013,お客様００００００１,13,,,,,,,,,,,,,,,,,,,,
document_name_000001,cust_0000014,お客様００００００１,14,,,,,,,,,,,,,,,,,,,,
document_name_000001,cust_0000015,お客様００００００１,15,,,,,,,,,,,,,,,,,,,,
document_name_000001,cust_0000016,お客様００００００１,16,,,,,,,,,,,,,,,,,,,,
document_name_000001,cust_0000017,お客様００００００１,17,,,,,,,,,,,,,,,,,,,,
document_name_000001,cust_0000018,お客様００００００１,18,,,,,,,,,,,,,,,,,,,,
document_name_000001,cust_0000019,お客様００００００１,19,,,,,,,,,,,,,,,,,,,,
document_name_000001,cust_0000020,お客様００００００１,20,,,,,,,,,,,,,,,,,,,,
document_name_000001,cust_0000021,お客様００００００１,21,,,,,,,,,,,,,,,,,,,,
document_name_000001,cust_0000022,お客様００００００１,22,,,,,,,,,,,,,,,,,,,,
document_name_000001,cust_0000023,お客様００００００１,23,,,,,,,,,,,,,,,,,,,,
document_name_000001,cust_0000024,お客様００００００１,24,,,,,,,,,,,,,,,,,,,,
document_name_000001,cust_0000025,お客様００００００１,25,,,,,,,,,,,,,,,,,,,,
document_name_000001,cust_0000026,お客様００００００１,26,,,,,,,,,,,,,,,,,,,,
document_name_000001,cust_0000027,お客様００００００１,27,,,,,,,,,,,,,,,,,,,,
document_name_000001,cust_0000028,お客様００００００１,28,,,,,,,,,,,,,,,,,,,,
document_name_000001,cust_0000029,お客様００００００１,29,,,,,,,,,,,,,,,,,,,,
document_name_000001,cust_0000030,お客様００００００１,30,,,,,,,,,,,,,,,,,,,,
document_name_000001,cust_0000031,お客様００００００１,31,,,,,,,,,,,,,,,,,,,,
document_name_000001,cust_0000032,お客様００００００１,32,,,,,,,,,,,,,,,,,,,,
document_name_000001,cust_0000033,お客様００００００１,33,,,,,,,,,,,,,,,,,,,,
document_name_000001,cust_0000034,お客様００００００１,34,,,,,,,,,,,,,,,,,,,,
document_name_000001,cust_0000035,お客様００００００１,35,,,,,,,,,,,,,,,,,,,,
document_name_000001,cust_0000036,お客様００００００１,36,,,,,,,,,,,,,,,,,,,,
document_name_000001,cust_0000037,お客様００００００１,37,,,,,,,,,,,,,,,,,,,,
document_name_000001,cust_0000038,お客様００００００１,38,,,,,,,,,,,,,,,,,,,,
document_name_000001,cust_0000039,お客様００００００１,39,,,,,,,,,,,,,,,,,,,,
document_name_000001,cust_0000040,お客様００００００１,40,,,,,,,,,,,,,,,,,,,,
document_name_000001,cust_0000041,お客様００００００１,41,,,,,,,,,,,,,,,,,,,,
document_name_000001,cust_0000042,お客様００００００１,42,,,,,,,,,,,,,,,,,,,,
document_name_000001,cust_0000043,お客様００００００１,43,,,,,,,,,,,,,,,,,,,,
document_name_000001,cust_0000044,お客様００００００１,44,,,,,,,,,,,,,,,,,,,,
document_name_000001,cust_0000045,お客様００００００１,45,,,,,,,,,,,,,,,,,,,,
document_name_000001,cust_0000046,お客様００００００１,46,,,,,,,,,,,,,,,,,,,,
document_name_000001,cust_0000047,お客様００００００１,47,,,,,,,,,,,,,,,,,,,,
document_name_000001,cust_0000048,お客様００００００１,48,,,,,,,,,,,,,,,,,,,,
document_name_000001,cust_0000049,お客様００００００１,49,,,,,,,,,,,,,,,,,,,,
document_name_000001,cust_0000050,お客様００００００１,50,,,,,,,,,,,,,,,,,,,,
document_name_000001,cust_0000051,お客様００００００１,51,,,,,,,,,,,,,,,,,,,,
document_name_000001,cust_0000052,お客様００００００１,52,,,,,,,,,,,,,,,,,,,,
document_name_000001,cust_0000053,お客様００００００１,53,,,,,,,,,,,,,,,,,,,,
document_name_000001,cust_0000054,お客様００００００１,54,,,,,,,,,,,,,,,,,,,,
document_name_000001,cust_0000055,お客様００００００１,55,,,,,,,,,,,,,,,,,,,,
document_name_000001,cust_0000056,お客様００００００１,56,,,,,,,,,,,,,,,,,,,,
document_name_000001,cust_0000057,お客様００００００１,57,,,,,,,,,,,,,,,,,,,,
document_name_000001,cust_0000058,お客様００００００１,58,,,,,,,,,,,,,,,,,,,,
document_name_000001,cust_0000059,お客様００００００１,59,,,,,,,,,,,,,,,,,,,,
document_name_000001,cust_0000060,お客様００００００１,60,,,,,,,,,,,,,,,,,,,,
document_name_000001,cust_0000061,お客様００００００１,61,,,,,,,,,,,,,,,,,,,,
document_name_000001,cust_0000062,お客様００００００１,62,,,,,,,,,,,,,,,,,,,,
document_name_000001,cust_0000063,お客様００００００１,63,,,,,,,,,,,,,,,,,,,,
document_name_000001,cust_0000064,お客様００００００１,64,,,,,,,,,,,,,,,,,,,,
document_name_000001,cust_0000065,お客様００００００１,65,,,,,,,,,,,,,,,,,,,,
document_name_000001,cust_0000066,お客様００００００１,66,,,,,,,,,,,,,,,,,,,,
document_name_000001,cust_0000067,お客様００００００１,67,,,,,,,,,,,,,,,,,,,,
document_name_000001,cust_0000068,お客様００００００１,68,,,,,,,,,,,,,,,,,,,,
document_name_000001,cust_0000069,お客様００００００１,69,,,,,,,,,,,,,,,,,,,,
document_name_000001,cust_0000070,お客様００００００１,70,,,,,,,,,,,,,,,,,,,,
document_name_000001,cust_0000071,お客様００００００１,71,,,,,,,,,,,,,,,,,,,,
document_name_000001,cust_0000072,お客様００００００１,72,,,,,,,,,,,,,,,,,,,,
document_name_000001,cust_0000073,お客様００００００１,73,,,,,,,,,,,,,,,,,,,,
document_name_000001,cust_0000074,お客様００００００１,74,,,,,,,,,,,,,,,,,,,,
document_name_000001,cust_0000075,お客様００００００１,75,,,,,,,,,,,,,,,,,,,,
document_name_000001,cust_0000076,お客様００００００１,76,,,,,,,,,,,,,,,,,,,,
document_name_000001,cust_0000077,お客様００００００１,77,,,,,,,,,,,,,,,,,,,,
document_name_000001,cust_0000078,お客様００００００１,78,,,,,,,,,,,,,,,,,,,,
document_name_000001,cust_0000079,お客様００００００１,79,,,,,,,,,,,,,,,,,,,,
document_name_000001,cust_0000080,お客様００００００１,80,,,,,,,,,,,,,,,,,,,,
document_name_000001,cust_0000081,お客様００００００１,81,,,,,,,,,,,,,,,,,,,,
document_name_000001,cust_0000082,お客様００００００１,82,,,,,,,,,,,,,,,,,,,,
document_name_000001,cust_0000083,お客様００００００１,83,,,,,,,,,,,,,,,,,,,,
document_name_000001,cust_0000084,お客様００００００１,84,,,,,,,,,,,,,,,,,,,,
document_name_000001,cust_0000085,お客様００００００１,85,,,,,,,,,,,,,,,,,,,,
document_name_000001,cust_0000086,お客様００００００１,86,,,,,,,,,,,,,,,,,,,,
document_name_000001,cust_0000087,お客様００００００１,87,,,,,,,,,,,,,,,,,,,,
document_name_000001,cust_0000088,お客様００００００１,88,,,,,,,,,,,,,,,,,,,,
document_name_000001,cust_0000089,お客様００００００１,89,,,,,,,,,,,,,,,,,,,,
document_name_000001,cust_0000090,お客様００００００１,90,,,,,,,,,,,,,,,,,,,,
document_name_000001,cust_0000091,お客様００００００１,91,,,,,,,,,,,,,,,,,,,,
document_name_000001,cust_0000092,お客様００００００１,92,,,,,,,,,,,,,,,,,,,,
document_name_000001,cust_0000093,お客様００００００１,93,,,,,,,,,,,,,,,,,,,,
document_name_000001,cust_0000094,お客様００００００１,94,,,,,,,,,,,,,,,,,,,,
document_name_000001,cust_0000095,お客様００００００１,95,,,,,,,,,,,,,,,,,,,,
document_name_000001,cust_0000096,お客様００００００１,96,,,,,,,,,,,,,,,,,,,,
document_name_000001,cust_0000097,お客様００００００１,97,,,,,,,,,,,,,,,,,,,,
document_name_000001,cust_0000098,お客様００００００１,98,,,,,,,,,,,,,,,,,,,,
document_name_000001,cust_0000099,お客様００００００１,99,,,,,,,,,,,,,,,,,,,,
document_name_000001,cust_0000100,お客様００００００１,100,,,,,,,,,,,,,,,,,,,,
document_name_000001,cust_0000101,お客様００００００１,101,,,,,,,,,,,,,,,,,,,,
document_name_000001,cust_0000102,お客様００００００１,102,,,,,,,,,,,,,,,,,,,,
document_name_000001,cust_0000103,お客様００００００１,103,,,,,,,,,,,,,,,,,,,,
document_name_000001,cust_0000104,お客様００００００１,104,,,,,,,,,,,,,,,,,,,,
document_name_000001,cust_0000105,お客様００００００１,105,,,,,,,,,,,,,,,,,,,,
document_name_000001,cust_0000106,お客様００００００１,106,,,,,,,,,,,,,,,,,,,,
document_name_000001,cust_0000107,お客様００００００１,107,,,,,,,,,,,,,,,,,,,,
document_name_000001,cust_0000108,お客様００００００１,108,,,,,,,,,,,,,,,,,,,,
document_name_000001,cust_0000109,お客様００００００１,109,,,,,,,,,,,,,,,,,,,,
document_name_000001,cust_0000110,お客様００００００１,110,,,,,,,,,,,,,,,,,,,,
document_name_000001,cust_0000111,お客様００００００１,111,,,,,,,,,,,,,,,,,,,,
document_name_000001,cust_0000112,お客様００００００１,112,,,,,,,,,,,,,,,,,,,,
document_name_000001,cust_0000113,お客様００００００１,113,,,,,,,,,,,,,,,,,,,,
document_name_000001,cust_0000114,お客様００００００１,114,,,,,,,,,,,,,,,,,,,,
document_name_000001,cust_0000115,お客様００００００１,115,,,,,,,,,,,,,,,,,,,,
document_name_000001,cust_0000116,お客様００００００１,116,,,,,,,,,,,,,,,,,,,,
document_name_000001,cust_0000117,お客様００００００１,117,,,,,,,,,,,,,,,,,,,,
document_name_000001,cust_0000118,お客様００００００１,118,,,,,,,,,,,,,,,,,,,,
document_name_000001,cust_0000119,お客様００００００１,119,,,,,,,,,,,,,,,,,,,,
document_name_000001,cust_0000120,お客様００００００１,120,,,,,,,,,,,,,,,,,,,,
document_name_000001,cust_0000121,お客様００００００１,121,,,,,,,,,,,,,,,,,,,,
document_name_000001,cust_0000122,お客様００００００１,122,,,,,,,,,,,,,,,,,,,,
document_name_000001,cust_0000123,お客様００００００１,123,,,,,,,,,,,,,,,,,,,,
document_name_000001,cust_0000124,お客様００００００１,124,,,,,,,,,,,,,,,,,,,,
document_name_000001,cust_0000125,お客様００００００１,125,,,,,,,,,,,,,,,,,,,,
document_name_000001,cust_0000126,お客様００００００１,126,,,,,,,,,,,,,,,,,,,,
document_name_000001,cust_0000127,お客様００００００１,127,,,,,,,,,,,,,,,,,,,,
document_name_000001,cust_0000128,お客様００００００１,128,,,,,,,,,,,,,,,,,,,,
document_name_000001,cust_0000129,お客様００００００１,129,,,,,,,,,,,,,,,,,,,,
document_name_000001,cust_0000130,お客様００００００１,130,,,,,,,,,,,,,,,,,,,,
document_name_000001,cust_0000131,お客様００００００１,131,,,,,,,,,,,,,,,,,,,,
document_name_000001,cust_0000132,お客様００００００１,132,,,,,,,,,,,,,,,,,,,,
document_name_000001,cust_0000133,お客様００００００１,133,,,,,,,,,,,,,,,,,,,,
document_name_000001,cust_0000134,お客様００００００１,134,,,,,,,,,,,,,,,,,,,,
document_name_000001,cust_0000135,お客様００００００１,135,,,,,,,,,,,,,,,,,,,,
document_name_000001,cust_0000136,お客様００００００１,136,,,,,,,,,,,,,,,,,,,,
document_name_000001,cust_0000137,お客様００００００１,137,,,,,,,,,,,,,,,,,,,,
document_name_000001,cust_0000138,お客様００００００１,138,,,,,,,,,,,,,,,,,,,,
document_name_000001,cust_0000139,お客様００００００１,139,,,,,,,,,,,,,,,,,,,,
document_name_000001,cust_0000140,お客様００００００１,140,,,,,,,,,,,,,,,,,,,,
document_name_000001,cust_0000141,お客様００００００１,141,,,,,,,,,,,,,,,,,,,,
document_name_000001,cust_0000142,お客様００００００１,142,,,,,,,,,,,,,,,,,,,,
document_name_000001,cust_0000143,お客様００００００１,143,,,,,,,,,,,,,,,,,,,,
document_name_000001,cust_0000144,お客様００００００１,144,,,,,,,,,,,,,,,,,,,,
document_name_000001,cust_0000145,お客様００００００１,145,,,,,,,,,,,,,,,,,,,,
document_name_000001,cust_0000146,お客様００００００１,146,,,,,,,,,,,,,,,,,,,,
document_name_000001,cust_0000147,お客様００００００１,147,,,,,,,,,,,,,,,,,,,,
document_name_000001,cust_0000148,お客様００００００１,148,,,,,,,,,,,,,,,,,,,,
document_name_000001,cust_0000149,お客様００００００１,149,,,,,,,,,,,,,,,,,,,,
document_name_000001,cust_0000150,お客様００００００１,150,,,,,,,,,,,,,,,,,,,,
document_name_000001,cust_0000151,お客様００００００１,151,,,,,,,,,,,,,,,,,,,,
document_name_000001,cust_0000152,お客様００００００１,152,,,,,,,,,,,,,,,,,,,,
document_name_000001,cust_0000153,お客様００００００１,153,,,,,,,,,,,,,,,,,,,,
document_name_000001,cust_0000154,お客様００００００１,154,,,,,,,,,,,,,,,,,,,,
document_name_000001,cust_0000155,お客様００００００１,155,,,,,,,,,,,,,,,,,,,,
document_name_000001,cust_0000156,お客様００００００１,156,,,,,,,,,,,,,,,,,,,,
document_name_000001,cust_0000157,お客様００００００１,157,,,,,,,,,,,,,,,,,,,,
document_name_000001,cust_0000158,お客様００００００１,158,,,,,,,,,,,,,,,,,,,,
document_name_000001,cust_0000159,お客様００００００１,159,,,,,,,,,,,,,,,,,,,,
document_name_000001,cust_0000160,お客様００００００１,160,,,,,,,,,,,,,,,,,,,,
document_name_000001,cust_0000161,お客様００００００１,161,,,,,,,,,,,,,,,,,,,,
document_name_000001,cust_0000162,お客様００００００１,162,,,,,,,,,,,,,,,,,,,,
document_name_000001,cust_0000163,お客様００００００１,163,,,,,,,,,,,,,,,,,,,,
document_name_000001,cust_0000164,お客様００００００１,164,,,,,,,,,,,,,,,,,,,,
document_name_000001,cust_0000165,お客様００００００１,165,,,,,,,,,,,,,,,,,,,,
document_name_000001,cust_0000166,お客様００００００１,166,,,,,,,,,,,,,,,,,,,,
document_name_000001,cust_0000167,お客様００００００１,167,,,,,,,,,,,,,,,,,,,,
document_name_000001,cust_0000168,お客様００００００１,168,,,,,,,,,,,,,,,,,,,,
document_name_000001,cust_0000169,お客様００００００１,169,,,,,,,,,,,,,,,,,,,,
document_name_000001,cust_0000170,お客様００００００１,170,,,,,,,,,,,,,,,,,,,,
document_name_000001,cust_0000171,お客様００００００１,171,,,,,,,,,,,,,,,,,,,,
document_name_000001,cust_0000172,お客様００００００１,172,,,,,,,,,,,,,,,,,,,,
document_name_000001,cust_0000173,お客様００００００１,173,,,,,,,,,,,,,,,,,,,,
document_name_000001,cust_0000174,お客様００００００１,174,,,,,,,,,,,,,,,,,,,,
document_name_000001,cust_0000175,お客様００００００１,175,,,,,,,,,,,,,,,,,,,,
document_name_000001,cust_0000176,お客様００００００１,176,,,,,,,,,,,,,,,,,,,,
document_name_000001,cust_0000177,お客様００００００１,177,,,,,,,,,,,,,,,,,,,,
document_name_000001,cust_0000178,お客様００００００１,178,,,,,,,,,,,,,,,,,,,,
document_name_000001,cust_0000179,お客様００００００１,179,,,,,,,,,,,,,,,,,,,,
document_name_000001,cust_0000180,お客様００００００１,180,,,,,,,,,,,,,,,,,,,,
document_name_000001,cust_0000181,お客様００００００１,181,,,,,,,,,,,,,,,,,,,,
document_name_000001,cust_0000182,お客様００００００１,182,,,,,,,,,,,,,,,,,,,,
document_name_000001,cust_0000183,お客様００００００１,183,,,,,,,,,,,,,,,,,,,,
document_name_000001,cust_0000184,お客様００００００１,184,,,,,,,,,,,,,,,,,,,,
document_name_000001,cust_0000185,お客様００００００１,185,,,,,,,,,,,,,,,,,,,,
document_name_000001,cust_0000186,お客様００００００１,186,,,,,,,,,,,,,,,,,,,,
document_name_000001,cust_0000187,お客様００００００１,187,,,,,,,,,,,,,,,,,,,,
document_name_000001,cust_0000188,お客様００００００１,188,,,,,,,,,,,,,,,,,,,,
document_name_000001,cust_0000189,お客様００００００１,189,,,,,,,,,,,,,,,,,,,,
document_name_000001,cust_0000190,お客様００００００１,190,,,,,,,,,,,,,,,,,,,,
document_name_000001,cust_0000191,お客様００００００１,191,,,,,,,,,,,,,,,,,,,,
document_name_000001,cust_0000192,お客様００００００１,192,,,,,,,,,,,,,,,,,,,,
document_name_000001,cust_0000193,お客様００００００１,193,,,,,,,,,,,,,,,,,,,,
document_name_000001,cust_0000194,お客様００００００１,194,,,,,,,,,,,,,,,,,,,,
document_name_000001,cust_0000195,お客様００００００１,195,,,,,,,,,,,,,,,,,,,,
document_name_000001,cust_0000196,お客様００００００１,196,,,,,,,,,,,,,,,,,,,,
document_name_000001,cust_0000197,お客様００００００１,197,,,,,,,,,,,,,,,,,,,,
document_name_000001,cust_0000198,お客様００００００１,198,,,,,,,,,,,,,,,,,,,,
document_name_000001,cust_0000199,お客様００００００１,199,,,,,,,,,,,,,,,,,,,,
document_name_000001,cust_0000200,お客様００００００１,200,,,,,,,,,,,,,,,,,,,,
document_name_000001,cust_0000201,お客様００００００１,201,,,,,,,,,,,,,,,,,,,,
document_name_000001,cust_0000202,お客様００００００１,202,,,,,,,,,,,,,,,,,,,,
document_name_000001,cust_0000203,お客様００００００１,203,,,,,,,,,,,,,,,,,,,,
document_name_000001,cust_0000204,お客様００００００１,204,,,,,,,,,,,,,,,,,,,,
document_name_000001,cust_0000205,お客様００００００１,205,,,,,,,,,,,,,,,,,,,,
document_name_000001,cust_0000206,お客様００００００１,206,,,,,,,,,,,,,,,,,,,,
document_name_000001,cust_0000207,お客様００００００１,207,,,,,,,,,,,,,,,,,,,,
document_name_000001,cust_0000208,お客様００００００１,208,,,,,,,,,,,,,,,,,,,,
document_name_000001,cust_0000209,お客様００００００１,209,,,,,,,,,,,,,,,,,,,,
document_name_000001,cust_0000210,お客様００００００１,210,,,,,,,,,,,,,,,,,,,,
document_name_000001,cust_0000211,お客様００００００１,211,,,,,,,,,,,,,,,,,,,,
document_name_000001,cust_0000212,お客様００００００１,212,,,,,,,,,,,,,,,,,,,,
document_name_000001,cust_0000213,お客様００００００１,213,,,,,,,,,,,,,,,,,,,,
document_name_000001,cust_0000214,お客様００００００１,214,,,,,,,,,,,,,,,,,,,,
document_name_000001,cust_0000215,お客様００００００１,215,,,,,,,,,,,,,,,,,,,,
document_name_000001,cust_0000216,お客様００００００１,216,,,,,,,,,,,,,,,,,,,,
document_name_000001,cust_0000217,お客様００００００１,217,,,,,,,,,,,,,,,,,,,,
document_name_000001,cust_0000218,お客様００００００１,218,,,,,,,,,,,,,,,,,,,,
document_name_000001,cust_0000219,お客様００００００１,219,,,,,,,,,,,,,,,,,,,,
document_name_000001,cust_0000220,お客様００００００１,220,,,,,,,,,,,,,,,,,,,,
document_name_000001,cust_0000221,お客様００００００１,221,,,,,,,,,,,,,,,,,,,,
document_name_000001,cust_0000222,お客様００００００１,222,,,,,,,,,,,,,,,,,,,,
document_name_000001,cust_0000223,お客様００００００１,223,,,,,,,,,,,,,,,,,,,,
document_name_000001,cust_0000224,お客様００００００１,224,,,,,,,,,,,,,,,,,,,,
document_name_000001,cust_0000225,お客様００００００１,225,,,,,,,,,,,,,,,,,,,,
document_name_000001,cust_0000226,お客様００００００１,226,,,,,,,,,,,,,,,,,,,,
document_name_000001,cust_0000227,お客様００００００１,227,,,,,,,,,,,,,,,,,,,,
document_name_000001,cust_0000228,お客様００００００１,228,,,,,,,,,,,,,,,,,,,,
document_name_000001,cust_0000229,お客様００００００１,229,,,,,,,,,,,,,,,,,,,,
document_name_000001,cust_0000230,お客様００００００１,230,,,,,,,,,,,,,,,,,,,,
document_name_000001,cust_0000231,お客様００００００１,231,,,,,,,,,,,,,,,,,,,,
document_name_000001,cust_0000232,お客様００００００１,232,,,,,,,,,,,,,,,,,,,,
document_name_000001,cust_0000233,お客様００００００１,233,,,,,,,,,,,,,,,,,,,,
document_name_000001,cust_0000234,お客様００００００１,234,,,,,,,,,,,,,,,,,,,,
document_name_000001,cust_0000235,お客様００００００１,235,,,,,,,,,,,,,,,,,,,,
document_name_000001,cust_0000236,お客様００００００１,236,,,,,,,,,,,,,,,,,,,,
document_name_000001,cust_0000237,お客様００００００１,237,,,,,,,,,,,,,,,,,,,,
document_name_000001,cust_0000238,お客様００００００１,238,,,,,,,,,,,,,,,,,,,,
document_name_000001,cust_0000239,お客様００００００１,239,,,,,,,,,,,,,,,,,,,,
document_name_000001,cust_0000240,お客様００００００１,240,,,,,,,,,,,,,,,,,,,,
document_name_000001,cust_0000241,お客様００００００１,241,,,,,,,,,,,,,,,,,,,,
document_name_000001,cust_0000242,お客様００００００１,242,,,,,,,,,,,,,,,,,,,,
document_name_000001,cust_0000243,お客様００００００１,243,,,,,,,,,,,,,,,,,,,,
document_name_000001,cust_0000244,お客様００００００１,244,,,,,,,,,,,,,,,,,,,,
document_name_000001,cust_0000245,お客様００００００１,245,,,,,,,,,,,,,,,,,,,,
document_name_000001,cust_0000246,お客様００００００１,246,,,,,,,,,,,,,,,,,,,,
document_name_000001,cust_0000247,お客様００００００１,247,,,,,,,,,,,,,,,,,,,,
document_name_000001,cust_0000248,お客様００００００１,248,,,,,,,,,,,,,,,,,,,,
document_name_000001,cust_0000249,お客様００００００１,249,,,,,,,,,,,,,,,,,,,,
document_name_000001,cust_0000250,お客様００００００１,250,,,,,,,,,,,,,,,,,,,,
document_name_000001,cust_0000251,お客様００００００１,251,,,,,,,,,,,,,,,,,,,,
document_name_000001,cust_0000252,お客様００００００１,252,,,,,,,,,,,,,,,,,,,,
document_name_000001,cust_0000253,お客様００００００１,253,,,,,,,,,,,,,,,,,,,,
document_name_000001,cust_0000254,お客様００００００１,254,,,,,,,,,,,,,,,,,,,,
document_name_000001,cust_0000255,お客様００００００１,255,,,,,,,,,,,,,,,,,,,,
document_name_000001,cust_0000256,お客様００００００１,256,,,,,,,,,,,,,,,,,,,,
document_name_000001,cust_0000257,お客様００００００１,257,,,,,,,,,,,,,,,,,,,,
document_name_000001,cust_0000258,お客様００００００１,258,,,,,,,,,,,,,,,,,,,,
document_name_000001,cust_0000259,お客様００００００１,259,,,,,,,,,,,,,,,,,,,,
document_name_000001,cust_0000260,お客様００００００１,260,,,,,,,,,,,,,,,,,,,,
document_name_000001,cust_0000261,お客様００００００１,261,,,,,,,,,,,,,,,,,,,,
document_name_000001,cust_0000262,お客様００００００１,262,,,,,,,,,,,,,,,,,,,,
document_name_000001,cust_0000263,お客様００００００１,263,,,,,,,,,,,,,,,,,,,,
document_name_000001,cust_0000264,お客様００００００１,264,,,,,,,,,,,,,,,,,,,,
document_name_000001,cust_0000265,お客様００００００１,265,,,,,,,,,,,,,,,,,,,,
document_name_000001,cust_0000266,お客様００００００１,266,,,,,,,,,,,,,,,,,,,,
document_name_000001,cust_0000267,お客様００００００１,267,,,,,,,,,,,,,,,,,,,,
document_name_000001,cust_0000268,お客様００００００１,268,,,,,,,,,,,,,,,,,,,,
document_name_000001,cust_0000269,お客様００００００１,269,,,,,,,,,,,,,,,,,,,,
document_name_000001,cust_0000270,お客様００００００１,270,,,,,,,,,,,,,,,,,,,,
document_name_000001,cust_0000271,お客様００００００１,271,,,,,,,,,,,,,,,,,,,,
document_name_000001,cust_0000272,お客様００００００１,272,,,,,,,,,,,,,,,,,,,,
document_name_000001,cust_0000273,お客様００００００１,273,,,,,,,,,,,,,,,,,,,,
document_name_000001,cust_0000274,お客様００００００１,274,,,,,,,,,,,,,,,,,,,,
document_name_000001,cust_0000275,お客様００００００１,275,,,,,,,,,,,,,,,,,,,,
document_name_000001,cust_0000276,お客様００００００１,276,,,,,,,,,,,,,,,,,,,,
document_name_000001,cust_0000277,お客様００００００１,277,,,,,,,,,,,,,,,,,,,,
document_name_000001,cust_0000278,お客様００００００１,278,,,,,,,,,,,,,,,,,,,,
document_name_000001,cust_0000279,お客様００００００１,279,,,,,,,,,,,,,,,,,,,,
document_name_000001,cust_0000280,お客様００００００１,280,,,,,,,,,,,,,,,,,,,,
document_name_000001,cust_0000281,お客様００００００１,281,,,,,,,,,,,,,,,,,,,,
document_name_000001,cust_0000282,お客様００００００１,282,,,,,,,,,,,,,,,,,,,,
document_name_000001,cust_0000283,お客様００００００１,283,,,,,,,,,,,,,,,,,,,,
document_name_000001,cust_0000284,お客様００００００１,284,,,,,,,,,,,,,,,,,,,,
document_name_000001,cust_0000285,お客様００００００１,285,,,,,,,,,,,,,,,,,,,,
document_name_000001,cust_0000286,お客様００００００１,286,,,,,,,,,,,,,,,,,,,,
document_name_000001,cust_0000287,お客様００００００１,287,,,,,,,,,,,,,,,,,,,,
document_name_000001,cust_0000288,お客様００００００１,288,,,,,,,,,,,,,,,,,,,,
document_name_000001,cust_0000289,お客様００００００１,289,,,,,,,,,,,,,,,,,,,,
document_name_000001,cust_0000290,お客様００００００１,290,,,,,,,,,,,,,,,,,,,,
document_name_000001,cust_0000291,お客様００００００１,291,,,,,,,,,,,,,,,,,,,,
document_name_000001,cust_0000292,お客様００００００１,292,,,,,,,,,,,,,,,,,,,,
document_name_000001,cust_0000293,お客様００００００１,293,,,,,,,,,,,,,,,,,,,,
document_name_000001,cust_0000294,お客様００００００１,294,,,,,,,,,,,,,,,,,,,,
document_name_000001,cust_0000295,お客様００００００１,295,,,,,,,,,,,,,,,,,,,,
document_name_000001,cust_0000296,お客様００００００１,296,,,,,,,,,,,,,,,,,,,,
document_name_000001,cust_0000297,お客様００００００１,297,,,,,,,,,,,,,,,,,,,,
document_name_000001,cust_0000298,お客様００００００１,298,,,,,,,,,,,,,,,,,,,,
document_name_000001,cust_0000299,お客様００００００１,299,,,,,,,,,,,,,,,,,,,,
document_name_000001,cust_0000300,お客様００００００１,300,,,,,,,,,,,,,,,,,,,,
document_name_000001,cust_0000301,お客様００００００１,301,,,,,,,,,,,,,,,,,,,,
document_name_000001,cust_0000302,お客様００００００１,302,,,,,,,,,,,,,,,,,,,,
document_name_000001,cust_0000303,お客様００００００１,303,,,,,,,,,,,,,,,,,,,,
document_name_000001,cust_0000304,お客様００００００１,304,,,,,,,,,,,,,,,,,,,,
document_name_000001,cust_0000305,お客様００００００１,305,,,,,,,,,,,,,,,,,,,,
document_name_000001,cust_0000306,お客様００００００１,306,,,,,,,,,,,,,,,,,,,,
document_name_000001,cust_0000307,お客様００００００１,307,,,,,,,,,,,,,,,,,,,,
document_name_000001,cust_0000308,お客様００００００１,308,,,,,,,,,,,,,,,,,,,,
document_name_000001,cust_0000309,お客様００００００１,309,,,,,,,,,,,,,,,,,,,,
document_name_000001,cust_0000310,お客様００００００１,310,,,,,,,,,,,,,,,,,,,,
document_name_000001,cust_0000311,お客様００００００１,311,,,,,,,,,,,,,,,,,,,,
document_name_000001,cust_0000312,お客様００００００１,312,,,,,,,,,,,,,,,,,,,,
document_name_000001,cust_0000313,お客様００００００１,313,,,,,,,,,,,,,,,,,,,,
document_name_000001,cust_0000314,お客様００００００１,314,,,,,,,,,,,,,,,,,,,,
document_name_000001,cust_0000315,お客様００００００１,315,,,,,,,,,,,,,,,,,,,,
document_name_000001,cust_0000316,お客様００００００１,316,,,,,,,,,,,,,,,,,,,,
document_name_000001,cust_0000317,お客様００００００１,317,,,,,,,,,,,,,,,,,,,,
document_name_000001,cust_0000318,お客様００００００１,318,,,,,,,,,,,,,,,,,,,,
document_name_000001,cust_0000319,お客様００００００１,319,,,,,,,,,,,,,,,,,,,,
document_name_000001,cust_0000320,お客様００００００１,320,,,,,,,,,,,,,,,,,,,,
document_name_000001,cust_0000321,お客様００００００１,321,,,,,,,,,,,,,,,,,,,,
document_name_000001,cust_0000322,お客様００００００１,322,,,,,,,,,,,,,,,,,,,,
document_name_000001,cust_0000323,お客様００００００１,323,,,,,,,,,,,,,,,,,,,,
document_name_000001,cust_0000324,お客様００００００１,324,,,,,,,,,,,,,,,,,,,,
document_name_000001,cust_0000325,お客様００００００１,325,,,,,,,,,,,,,,,,,,,,
document_name_000001,cust_0000326,お客様００００００１,326,,,,,,,,,,,,,,,,,,,,
document_name_000001,cust_0000327,お客様００００００１,327,,,,,,,,,,,,,,,,,,,,
document_name_000001,cust_0000328,お客様００００００１,328,,,,,,,,,,,,,,,,,,,,
document_name_000001,cust_0000329,お客様００００００１,329,,,,,,,,,,,,,,,,,,,,
document_name_000001,cust_0000330,お客様００００００１,330,,,,,,,,,,,,,,,,,,,,
document_name_000001,cust_0000331,お客様００００００１,331,,,,,,,,,,,,,,,,,,,,
document_name_000001,cust_0000332,お客様００００００１,332,,,,,,,,,,,,,,,,,,,,
document_name_000001,cust_0000333,お客様００００００１,333,,,,,,,,,,,,,,,,,,,,
document_name_000001,cust_0000334,お客様００００００１,334,,,,,,,,,,,,,,,,,,,,
document_name_000001,cust_0000335,お客様００００００１,335,,,,,,,,,,,,,,,,,,,,
document_name_000001,cust_0000336,お客様００００００１,336,,,,,,,,,,,,,,,,,,,,
document_name_000001,cust_0000337,お客様００００００１,337,,,,,,,,,,,,,,,,,,,,
document_name_000001,cust_0000338,お客様００００００１,338,,,,,,,,,,,,,,,,,,,,
document_name_000001,cust_0000339,お客様００００００１,339,,,,,,,,,,,,,,,,,,,,
document_name_000001,cust_0000340,お客様００００００１,340,,,,,,,,,,,,,,,,,,,,
document_name_000001,cust_0000341,お客様００００００１,341,,,,,,,,,,,,,,,,,,,,
document_name_000001,cust_0000342,お客様００００００１,342,,,,,,,,,,,,,,,,,,,,
document_name_000001,cust_0000343,お客様００００００１,343,,,,,,,,,,,,,,,,,,,,
document_name_000001,cust_0000344,お客様００００００１,344,,,,,,,,,,,,,,,,,,,,
document_name_000001,cust_0000345,お客様００００００１,345,,,,,,,,,,,,,,,,,,,,
document_name_000001,cust_0000346,お客様００００００１,346,,,,,,,,,,,,,,,,,,,,
document_name_000001,cust_0000347,お客様００００００１,347,,,,,,,,,,,,,,,,,,,,
document_name_000001,cust_0000348,お客様００００００１,348,,,,,,,,,,,,,,,,,,,,
document_name_000001,cust_0000349,お客様００００００１,349,,,,,,,,,,,,,,,,,,,,
document_name_000001,cust_0000350,お客様００００００１,350,,,,,,,,,,,,,,,,,,,,
document_name_000001,cust_0000351,お客様００００００１,351,,,,,,,,,,,,,,,,,,,,
document_name_000001,cust_0000352,お客様００００００１,352,,,,,,,,,,,,,,,,,,,,
document_name_000001,cust_0000353,お客様００００００１,353,,,,,,,,,,,,,,,,,,,,
document_name_000001,cust_0000354,お客様００００００１,354,,,,,,,,,,,,,,,,,,,,
document_name_000001,cust_0000355,お客様００００００１,355,,,,,,,,,,,,,,,,,,,,
document_name_000001,cust_0000356,お客様００００００１,356,,,,,,,,,,,,,,,,,,,,
document_name_000001,cust_0000357,お客様００００００１,357,,,,,,,,,,,,,,,,,,,,
document_name_000001,cust_0000358,お客様００００００１,358,,,,,,,,,,,,,,,,,,,,
document_name_000001,cust_0000359,お客様００００００１,359,,,,,,,,,,,,,,,,,,,,
document_name_000001,cust_0000360,お客様００００００１,360,,,,,,,,,,,,,,,,,,,,
document_name_000001,cust_0000361,お客様００００００１,361,,,,,,,,,,,,,,,,,,,,
document_name_000001,cust_0000362,お客様００００００１,362,,,,,,,,,,,,,,,,,,,,
document_name_000001,cust_0000363,お客様００００００１,363,,,,,,,,,,,,,,,,,,,,
document_name_000001,cust_0000364,お客様００００００１,364,,,,,,,,,,,,,,,,,,,,
document_name_000001,cust_0000365,お客様００００００１,365,,,,,,,,,,,,,,,,,,,,
document_name_000001,cust_0000366,お客様００００００１,366,,,,,,,,,,,,,,,,,,,,
document_name_000001,cust_0000367,お客様００００００１,367,,,,,,,,,,,,,,,,,,,,
document_name_000001,cust_0000368,お客様００００００１,368,,,,,,,,,,,,,,,,,,,,
document_name_000001,cust_0000369,お客様００００００１,369,,,,,,,,,,,,,,,,,,,,
document_name_000001,cust_0000370,お客様００００００１,370,,,,,,,,,,,,,,,,,,,,
document_name_000001,cust_0000371,お客様００００００１,371,,,,,,,,,,,,,,,,,,,,
document_name_000001,cust_0000372,お客様００００００１,372,,,,,,,,,,,,,,,,,,,,
document_name_000001,cust_0000373,お客様００００００１,373,,,,,,,,,,,,,,,,,,,,
document_name_000001,cust_0000374,お客様００００００１,374,,,,,,,,,,,,,,,,,,,,
document_name_000001,cust_0000375,お客様００００００１,375,,,,,,,,,,,,,,,,,,,,
document_name_000001,cust_0000376,お客様００００００１,376,,,,,,,,,,,,,,,,,,,,
document_name_000001,cust_0000377,お客様００００００１,377,,,,,,,,,,,,,,,,,,,,
document_name_000001,cust_0000378,お客様００００００１,378,,,,,,,,,,,,,,,,,,,,
document_name_000001,cust_0000379,お客様００００００１,379,,,,,,,,,,,,,,,,,,,,
document_name_000001,cust_0000380,お客様００００００１,380,,,,,,,,,,,,,,,,,,,,
document_name_000001,cust_0000381,お客様００００００１,381,,,,,,,,,,,,,,,,,,,,
document_name_000001,cust_0000382,お客様００００００１,382,,,,,,,,,,,,,,,,,,,,
document_name_000001,cust_0000383,お客様００００００１,383,,,,,,,,,,,,,,,,,,,,
document_name_000001,cust_0000384,お客様００００００１,384,,,,,,,,,,,,,,,,,,,,
document_name_000001,cust_0000385,お客様００００００１,385,,,,,,,,,,,,,,,,,,,,
document_name_000001,cust_0000386,お客様００００００１,386,,,,,,,,,,,,,,,,,,,,
document_name_000001,cust_0000387,お客様００００００１,387,,,,,,,,,,,,,,,,,,,,
document_name_000001,cust_0000388,お客様００００００１,388,,,,,,,,,,,,,,,,,,,,
document_name_000001,cust_0000389,お客様００００００１,389,,,,,,,,,,,,,,,,,,,,
document_name_000001,cust_0000390,お客様００００００１,390,,,,,,,,,,,,,,,,,,,,
document_name_000001,cust_0000391,お客様００００００１,391,,,,,,,,,,,,,,,,,,,,
document_name_000001,cust_0000392,お客様００００００１,392,,,,,,,,,,,,,,,,,,,,
document_name_000001,cust_0000393,お客様００００００１,393,,,,,,,,,,,,,,,,,,,,
document_name_000001,cust_0000394,お客様００００００１,394,,,,,,,,,,,,,,,,,,,,
document_name_000001,cust_0000395,お客様００００００１,395,,,,,,,,,,,,,,,,,,,,
document_name_000001,cust_0000396,お客様００００００１,396,,,,,,,,,,,,,,,,,,,,
document_name_000001,cust_0000397,お客様００００００１,397,,,,,,,,,,,,,,,,,,,,
document_name_000001,cust_0000398,お客様００００００１,398,,,,,,,,,,,,,,,,,,,,
document_name_000001,cust_0000399,お客様００００００１,399,,,,,,,,,,,,,,,,,,,,
document_name_000001,cust_0000400,お客様００００００１,400,,,,,,,,,,,,,,,,,,,,
document_name_000001,cust_0000401,お客様００００００１,401,,,,,,,,,,,,,,,,,,,,
document_name_000001,cust_0000402,お客様００００００１,402,,,,,,,,,,,,,,,,,,,,
document_name_000001,cust_0000403,お客様００００００１,403,,,,,,,,,,,,,,,,,,,,
document_name_000001,cust_0000404,お客様００００００１,404,,,,,,,,,,,,,,,,,,,,
document_name_000001,cust_0000405,お客様００００００１,405,,,,,,,,,,,,,,,,,,,,
document_name_000001,cust_0000406,お客様００００００１,406,,,,,,,,,,,,,,,,,,,,
document_name_000001,cust_0000407,お客様００００００１,407,,,,,,,,,,,,,,,,,,,,
document_name_000001,cust_0000408,お客様００００００１,408,,,,,,,,,,,,,,,,,,,,
document_name_000001,cust_0000409,お客様００００００１,409,,,,,,,,,,,,,,,,,,,,
document_name_000001,cust_0000410,お客様００００００１,410,,,,,,,,,,,,,,,,,,,,
document_name_000001,cust_0000411,お客様００００００１,411,,,,,,,,,,,,,,,,,,,,
document_name_000001,cust_0000412,お客様００００００１,412,,,,,,,,,,,,,,,,,,,,
document_name_000001,cust_0000413,お客様００００００１,413,,,,,,,,,,,,,,,,,,,,
document_name_000001,cust_0000414,お客様００００００１,414,,,,,,,,,,,,,,,,,,,,
document_name_000001,cust_0000415,お客様００００００１,415,,,,,,,,,,,,,,,,,,,,
document_name_000001,cust_0000416,お客様００００００１,416,,,,,,,,,,,,,,,,,,,,
document_name_000001,cust_0000417,お客様００００００１,417,,,,,,,,,,,,,,,,,,,,
document_name_000001,cust_0000418,お客様００００００１,418,,,,,,,,,,,,,,,,,,,,
document_name_000001,cust_0000419,お客様００００００１,419,,,,,,,,,,,,,,,,,,,,
document_name_000001,cust_0000420,お客様００００００１,420,,,,,,,,,,,,,,,,,,,,
document_name_000001,cust_0000421,お客様００００００１,421,,,,,,,,,,,,,,,,,,,,
document_name_000001,cust_0000422,お客様００００００１,422,,,,,,,,,,,,,,,,,,,,
document_name_000001,cust_0000423,お客様００００００１,423,,,,,,,,,,,,,,,,,,,,
document_name_000001,cust_0000424,お客様００００００１,424,,,,,,,,,,,,,,,,,,,,
document_name_000001,cust_0000425,お客様００００００１,425,,,,,,,,,,,,,,,,,,,,
document_name_000001,cust_0000426,お客様００００００１,426,,,,,,,,,,,,,,,,,,,,
document_name_000001,cust_0000427,お客様００００００１,427,,,,,,,,,,,,,,,,,,,,
document_name_000001,cust_0000428,お客様００００００１,428,,,,,,,,,,,,,,,,,,,,
document_name_000001,cust_0000429,お客様００００００１,429,,,,,,,,,,,,,,,,,,,,
document_name_000001,cust_0000430,お客様００００００１,430,,,,,,,,,,,,,,,,,,,,
document_name_000001,cust_0000431,お客様００００００１,431,,,,,,,,,,,,,,,,,,,,
document_name_000001,cust_0000432,お客様００００００１,432,,,,,,,,,,,,,,,,,,,,
document_name_000001,cust_0000433,お客様００００００１,433,,,,,,,,,,,,,,,,,,,,
document_name_000001,cust_0000434,お客様００００００１,434,,,,,,,,,,,,,,,,,,,,
document_name_000001,cust_0000435,お客様００００００１,435,,,,,,,,,,,,,,,,,,,,
document_name_000001,cust_0000436,お客様００００００１,436,,,,,,,,,,,,,,,,,,,,
document_name_000001,cust_0000437,お客様００００００１,437,,,,,,,,,,,,,,,,,,,,
document_name_000001,cust_0000438,お客様００００００１,438,,,,,,,,,,,,,,,,,,,,
document_name_000001,cust_0000439,お客様００００００１,439,,,,,,,,,,,,,,,,,,,,
document_name_000001,cust_0000440,お客様００００００１,440,,,,,,,,,,,,,,,,,,,,
document_name_000001,cust_0000441,お客様００００００１,441,,,,,,,,,,,,,,,,,,,,
document_name_000001,cust_0000442,お客様００００００１,442,,,,,,,,,,,,,,,,,,,,
document_name_000001,cust_0000443,お客様００００００１,443,,,,,,,,,,,,,,,,,,,,
document_name_000001,cust_0000444,お客様００００００１,444,,,,,,,,,,,,,,,,,,,,
document_name_000001,cust_0000445,お客様００００００１,445,,,,,,,,,,,,,,,,,,,,
document_name_000001,cust_0000446,お客様００００００１,446,,,,,,,,,,,,,,,,,,,,
document_name_000001,cust_0000447,お客様００００００１,447,,,,,,,,,,,,,,,,,,,,
document_name_000001,cust_0000448,お客様００００００１,448,,,,,,,,,,,,,,,,,,,,
document_name_000001,cust_0000449,お客様００００００１,449,,,,,,,,,,,,,,,,,,,,
document_name_000001,cust_0000450,お客様００００００１,450,,,,,,,,,,,,,,,,,,,,
document_name_000001,cust_0000451,お客様００００００１,451,,,,,,,,,,,,,,,,,,,,
document_name_000001,cust_0000452,お客様００００００１,452,,,,,,,,,,,,,,,,,,,,
document_name_000001,cust_0000453,お客様００００００１,453,,,,,,,,,,,,,,,,,,,,
document_name_000001,cust_0000454,お客様００００００１,454,,,,,,,,,,,,,,,,,,,,
document_name_000001,cust_0000455,お客様００００００１,455,,,,,,,,,,,,,,,,,,,,
document_name_000001,cust_0000456,お客様００００００１,456,,,,,,,,,,,,,,,,,,,,
document_name_000001,cust_0000457,お客様００００００１,457,,,,,,,,,,,,,,,,,,,,
document_name_000001,cust_0000458,お客様００００００１,458,,,,,,,,,,,,,,,,,,,,
document_name_000001,cust_0000459,お客様００００００１,459,,,,,,,,,,,,,,,,,,,,
document_name_000001,cust_0000460,お客様００００００１,460,,,,,,,,,,,,,,,,,,,,
document_name_000001,cust_0000461,お客様００００００１,461,,,,,,,,,,,,,,,,,,,,
document_name_000001,cust_0000462,お客様００００００１,462,,,,,,,,,,,,,,,,,,,,
document_name_000001,cust_0000463,お客様００００００１,463,,,,,,,,,,,,,,,,,,,,
document_name_000001,cust_0000464,お客様００００００１,464,,,,,,,,,,,,,,,,,,,,
document_name_000001,cust_0000465,お客様００００００１,465,,,,,,,,,,,,,,,,,,,,
document_name_000001,cust_0000466,お客様００００００１,466,,,,,,,,,,,,,,,,,,,,
document_name_000001,cust_0000467,お客様００００００１,467,,,,,,,,,,,,,,,,,,,,
document_name_000001,cust_0000468,お客様００００００１,468,,,,,,,,,,,,,,,,,,,,
document_name_000001,cust_0000469,お客様００００００１,469,,,,,,,,,,,,,,,,,,,,
document_name_000001,cust_0000470,お客様００００００１,470,,,,,,,,,,,,,,,,,,,,
document_name_000001,cust_0000471,お客様００００００１,471,,,,,,,,,,,,,,,,,,,,
document_name_000001,cust_0000472,お客様００００００１,472,,,,,,,,,,,,,,,,,,,,
document_name_000001,cust_0000473,お客様００００００１,473,,,,,,,,,,,,,,,,,,,,
document_name_000001,cust_0000474,お客様００００００１,474,,,,,,,,,,,,,,,,,,,,
document_name_000001,cust_0000475,お客様００００００１,475,,,,,,,,,,,,,,,,,,,,
document_name_000001,cust_0000476,お客様００００００１,476,,,,,,,,,,,,,,,,,,,,
document_name_000001,cust_0000477,お客様００００００１,477,,,,,,,,,,,,,,,,,,,,
document_name_000001,cust_0000478,お客様００００００１,478,,,,,,,,,,,,,,,,,,,,
document_name_000001,cust_0000479,お客様００００００１,479,,,,,,,,,,,,,,,,,,,,
document_name_000001,cust_0000480,お客様００００００１,480,,,,,,,,,,,,,,,,,,,,
document_name_000001,cust_0000481,お客様００００００１,481,,,,,,,,,,,,,,,,,,,,
document_name_000001,cust_0000482,お客様００００００１,482,,,,,,,,,,,,,,,,,,,,
document_name_000001,cust_0000483,お客様００００００１,483,,,,,,,,,,,,,,,,,,,,
document_name_000001,cust_0000484,お客様００００００１,484,,,,,,,,,,,,,,,,,,,,
document_name_000001,cust_0000485,お客様００００００１,485,,,,,,,,,,,,,,,,,,,,
document_name_000001,cust_0000486,お客様００００００１,486,,,,,,,,,,,,,,,,,,,,
document_name_000001,cust_0000487,お客様００００００１,487,,,,,,,,,,,,,,,,,,,,
document_name_000001,cust_0000488,お客様００００００１,488,,,,,,,,,,,,,,,,,,,,
document_name_000001,cust_0000489,お客様００００００１,489,,,,,,,,,,,,,,,,,,,,
document_name_000001,cust_0000490,お客様００００００１,490,,,,,,,,,,,,,,,,,,,,
document_name_000001,cust_0000491,お客様００００００１,491,,,,,,,,,,,,,,,,,,,,
document_name_000001,cust_0000492,お客様００００００１,492,,,,,,,,,,,,,,,,,,,,
document_name_000001,cust_0000493,お客様００００００１,493,,,,,,,,,,,,,,,,,,,,
document_name_000001,cust_0000494,お客様００００００１,494,,,,,,,,,,,,,,,,,,,,
document_name_000001,cust_0000495,お客様００００００１,495,,,,,,,,,,,,,,,,,,,,
document_name_000001,cust_0000496,お客様００００００１,496,,,,,,,,,,,,,,,,,,,,
document_name_000001,cust_0000497,お客様００００００１,497,,,,,,,,,,,,,,,,,,,,
document_name_000001,cust_0000498,お客様００００００１,498,,,,,,,,,,,,,,,,,,,,
document_name_000001,cust_0000499,お客様００００００１,499,,,,,,,,,,,,,,,,,,,,
document_name_000001,cust_0000500,お客様００００００１,500,,,,,,,,,,,,,,,,,,,,
document_name_000001,cust_0000501,お客様００００００１,501,,,,,,,,,,,,,,,,,,,,
document_name_000001,cust_0000502,お客様００００００１,502,,,,,,,,,,,,,,,,,,,,
document_name_000001,cust_0000503,お客様００００００１,503,,,,,,,,,,,,,,,,,,,,
document_name_000001,cust_0000504,お客様００００００１,504,,,,,,,,,,,,,,,,,,,,
document_name_000001,cust_0000505,お客様００００００１,505,,,,,,,,,,,,,,,,,,,,
document_name_000001,cust_0000506,お客様００００００１,506,,,,,,,,,,,,,,,,,,,,
document_name_000001,cust_0000507,お客様００００００１,507,,,,,,,,,,,,,,,,,,,,
document_name_000001,cust_0000508,お客様００００００１,508,,,,,,,,,,,,,,,,,,,,
document_name_000001,cust_0000509,お客様００００００１,509,,,,,,,,,,,,,,,,,,,,
document_name_000001,cust_0000510,お客様００００００１,510,,,,,,,,,,,,,,,,,,,,
document_name_000001,cust_0000511,お客様００００００１,511,,,,,,,,,,,,,,,,,,,,
document_name_000001,cust_0000512,お客様００００００１,512,,,,,,,,,,,,,,,,,,,,
document_name_000001,cust_0000513,お客様００００００１,513,,,,,,,,,,,,,,,,,,,,
document_name_000001,cust_0000514,お客様００００００１,514,,,,,,,,,,,,,,,,,,,,
document_name_000001,cust_0000515,お客様００００００１,515,,,,,,,,,,,,,,,,,,,,
document_name_000001,cust_0000516,お客様００００００１,516,,,,,,,,,,,,,,,,,,,,
document_name_000001,cust_0000517,お客様００００００１,517,,,,,,,,,,,,,,,,,,,,
document_name_000001,cust_0000518,お客様００００００１,518,,,,,,,,,,,,,,,,,,,,
document_name_000001,cust_0000519,お客様００００００１,519,,,,,,,,,,,,,,,,,,,,
document_name_000001,cust_0000520,お客様００００００１,520,,,,,,,,,,,,,,,,,,,,
document_name_000001,cust_0000521,お客様００００００１,521,,,,,,,,,,,,,,,,,,,,
document_name_000001,cust_0000522,お客様００００００１,522,,,,,,,,,,,,,,,,,,,,
document_name_000001,cust_0000523,お客様００００００１,523,,,,,,,,,,,,,,,,,,,,
document_name_000001,cust_0000524,お客様００００００１,524,,,,,,,,,,,,,,,,,,,,
document_name_000001,cust_0000525,お客様００００００１,525,,,,,,,,,,,,,,,,,,,,
document_name_000001,cust_0000526,お客様００００００１,526,,,,,,,,,,,,,,,,,,,,
document_name_000001,cust_0000527,お客様００００００１,527,,,,,,,,,,,,,,,,,,,,
document_name_000001,cust_0000528,お客様００００００１,528,,,,,,,,,,,,,,,,,,,,
document_name_000001,cust_0000529,お客様００００００１,529,,,,,,,,,,,,,,,,,,,,
document_name_000001,cust_0000530,お客様００００００１,530,,,,,,,,,,,,,,,,,,,,
document_name_000001,cust_0000531,お客様００００００１,531,,,,,,,,,,,,,,,,,,,,
document_name_000001,cust_0000532,お客様００００００１,532,,,,,,,,,,,,,,,,,,,,
document_name_000001,cust_0000533,お客様００００００１,533,,,,,,,,,,,,,,,,,,,,
document_name_000001,cust_0000534,お客様００００００１,534,,,,,,,,,,,,,,,,,,,,
document_name_000001,cust_0000535,お客様００００００１,535,,,,,,,,,,,,,,,,,,,,
document_name_000001,cust_0000536,お客様００００００１,536,,,,,,,,,,,,,,,,,,,,
document_name_000001,cust_0000537,お客様００００００１,537,,,,,,,,,,,,,,,,,,,,
document_name_000001,cust_0000538,お客様００００００１,538,,,,,,,,,,,,,,,,,,,,
document_name_000001,cust_0000539,お客様００００００１,539,,,,,,,,,,,,,,,,,,,,
document_name_000001,cust_0000540,お客様００００００１,540,,,,,,,,,,,,,,,,,,,,
document_name_000001,cust_0000541,お客様００００００１,541,,,,,,,,,,,,,,,,,,,,
document_name_000001,cust_0000542,お客様００００００１,542,,,,,,,,,,,,,,,,,,,,
document_name_000001,cust_0000543,お客様００００００１,543,,,,,,,,,,,,,,,,,,,,
document_name_000001,cust_0000544,お客様００００００１,544,,,,,,,,,,,,,,,,,,,,
document_name_000001,cust_0000545,お客様００００００１,545,,,,,,,,,,,,,,,,,,,,
document_name_000001,cust_0000546,お客様００００００１,546,,,,,,,,,,,,,,,,,,,,
document_name_000001,cust_0000547,お客様００００００１,547,,,,,,,,,,,,,,,,,,,,
document_name_000001,cust_0000548,お客様００００００１,548,,,,,,,,,,,,,,,,,,,,
document_name_000001,cust_0000549,お客様００００００１,549,,,,,,,,,,,,,,,,,,,,
document_name_000001,cust_0000550,お客様００００００１,550,,,,,,,,,,,,,,,,,,,,
document_name_000001,cust_0000551,お客様００００００１,551,,,,,,,,,,,,,,,,,,,,
document_name_000001,cust_0000552,お客様００００００１,552,,,,,,,,,,,,,,,,,,,,
document_name_000001,cust_0000553,お客様００００００１,553,,,,,,,,,,,,,,,,,,,,
document_name_000001,cust_0000554,お客様００００００１,554,,,,,,,,,,,,,,,,,,,,
document_name_000001,cust_0000555,お客様００００００１,555,,,,,,,,,,,,,,,,,,,,
document_name_000001,cust_0000556,お客様００００００１,556,,,,,,,,,,,,,,,,,,,,
document_name_000001,cust_0000557,お客様００００００１,557,,,,,,,,,,,,,,,,,,,,
document_name_000001,cust_0000558,お客様００００００１,558,,,,,,,,,,,,,,,,,,,,
document_name_000001,cust_0000559,お客様００００００１,559,,,,,,,,,,,,,,,,,,,,
document_name_000001,cust_0000560,お客様００００００１,560,,,,,,,,,,,,,,,,,,,,
document_name_000001,cust_0000561,お客様００００００１,561,,,,,,,,,,,,,,,,,,,,
document_name_000001,cust_0000562,お客様００００００１,562,,,,,,,,,,,,,,,,,,,,
document_name_000001,cust_0000563,お客様００００００１,563,,,,,,,,,,,,,,,,,,,,
document_name_000001,cust_0000564,お客様００００００１,564,,,,,,,,,,,,,,,,,,,,
document_name_000001,cust_0000565,お客様００００００１,565,,,,,,,,,,,,,,,,,,,,
document_name_000001,cust_0000566,お客様００００００１,566,,,,,,,,,,,,,,,,,,,,
document_name_000001,cust_0000567,お客様００００００１,567,,,,,,,,,,,,,,,,,,,,
document_name_000001,cust_0000568,お客様００００００１,568,,,,,,,,,,,,,,,,,,,,
document_name_000001,cust_0000569,お客様００００００１,569,,,,,,,,,,,,,,,,,,,,
document_name_000001,cust_0000570,お客様００００００１,570,,,,,,,,,,,,,,,,,,,,
document_name_000001,cust_0000571,お客様００００００１,571,,,,,,,,,,,,,,,,,,,,
document_name_000001,cust_0000572,お客様００００００１,572,,,,,,,,,,,,,,,,,,,,
document_name_000001,cust_0000573,お客様００００００１,573,,,,,,,,,,,,,,,,,,,,
document_name_000001,cust_0000574,お客様００００００１,574,,,,,,,,,,,,,,,,,,,,
document_name_000001,cust_0000575,お客様００００００１,575,,,,,,,,,,,,,,,,,,,,
document_name_000001,cust_0000576,お客様００００００１,576,,,,,,,,,,,,,,,,,,,,
document_name_000001,cust_0000577,お客様００００００１,577,,,,,,,,,,,,,,,,,,,,
document_name_000001,cust_0000578,お客様００００００１,578,,,,,,,,,,,,,,,,,,,,
document_name_000001,cust_0000579,お客様００００００１,579,,,,,,,,,,,,,,,,,,,,
document_name_000001,cust_0000580,お客様００００００１,580,,,,,,,,,,,,,,,,,,,,
document_name_000001,cust_0000581,お客様００００００１,581,,,,,,,,,,,,,,,,,,,,
document_name_000001,cust_0000582,お客様００００００１,582,,,,,,,,,,,,,,,,,,,,
document_name_000001,cust_0000583,お客様００００００１,583,,,,,,,,,,,,,,,,,,,,
document_name_000001,cust_0000584,お客様００００００１,584,,,,,,,,,,,,,,,,,,,,
document_name_000001,cust_0000585,お客様００００００１,585,,,,,,,,,,,,,,,,,,,,
document_name_000001,cust_0000586,お客様００００００１,586,,,,,,,,,,,,,,,,,,,,
document_name_000001,cust_0000587,お客様００００００１,587,,,,,,,,,,,,,,,,,,,,
document_name_000001,cust_0000588,お客様００００００１,588,,,,,,,,,,,,,,,,,,,,
document_name_000001,cust_0000589,お客様００００００１,589,,,,,,,,,,,,,,,,,,,,
document_name_000001,cust_0000590,お客様００００００１,590,,,,,,,,,,,,,,,,,,,,
document_name_000001,cust_0000591,お客様００００００１,591,,,,,,,,,,,,,,,,,,,,
document_name_000001,cust_0000592,お客様００００００１,592,,,,,,,,,,,,,,,,,,,,
document_name_000001,cust_0000593,お客様００００００１,593,,,,,,,,,,,,,,,,,,,,
document_name_000001,cust_0000594,お客様００００００１,594,,,,,,,,,,,,,,,,,,,,
document_name_000001,cust_0000595,お客様００００００１,595,,,,,,,,,,,,,,,,,,,,
document_name_000001,cust_0000596,お客様００００００１,596,,,,,,,,,,,,,,,,,,,,
document_name_000001,cust_0000597,お客様００００００１,597,,,,,,,,,,,,,,,,,,,,
document_name_000001,cust_0000598,お客様００００００１,598,,,,,,,,,,,,,,,,,,,,
document_name_000001,cust_0000599,お客様００００００１,599,,,,,,,,,,,,,,,,,,,,
document_name_000001,cust_0000600,お客様００００００１,600,,,,,,,,,,,,,,,,,,,,
document_name_000001,cust_0000601,お客様００００００１,601,,,,,,,,,,,,,,,,,,,,
document_name_000001,cust_0000602,お客様００００００１,602,,,,,,,,,,,,,,,,,,,,
document_name_000001,cust_0000603,お客様００００００１,603,,,,,,,,,,,,,,,,,,,,
document_name_000001,cust_0000604,お客様００００００１,604,,,,,,,,,,,,,,,,,,,,
document_name_000001,cust_0000605,お客様００００００１,605,,,,,,,,,,,,,,,,,,,,
document_name_000001,cust_0000606,お客様００００００１,606,,,,,,,,,,,,,,,,,,,,
document_name_000001,cust_0000607,お客様００００００１,607,,,,,,,,,,,,,,,,,,,,
document_name_000001,cust_0000608,お客様００００００１,608,,,,,,,,,,,,,,,,,,,,
document_name_000001,cust_0000609,お客様００００００１,609,,,,,,,,,,,,,,,,,,,,
document_name_000001,cust_0000610,お客様００００００１,610,,,,,,,,,,,,,,,,,,,,
document_name_000001,cust_0000611,お客様００００００１,611,,,,,,,,,,,,,,,,,,,,
document_name_000001,cust_0000612,お客様００００００１,612,,,,,,,,,,,,,,,,,,,,
document_name_000001,cust_0000613,お客様００００００１,613,,,,,,,,,,,,,,,,,,,,
document_name_000001,cust_0000614,お客様００００００１,614,,,,,,,,,,,,,,,,,,,,
document_name_000001,cust_0000615,お客様００００００１,615,,,,,,,,,,,,,,,,,,,,
document_name_000001,cust_0000616,お客様００００００１,616,,,,,,,,,,,,,,,,,,,,
document_name_000001,cust_0000617,お客様００００００１,617,,,,,,,,,,,,,,,,,,,,
document_name_000001,cust_0000618,お客様００００００１,618,,,,,,,,,,,,,,,,,,,,
document_name_000001,cust_0000619,お客様００００００１,619,,,,,,,,,,,,,,,,,,,,
document_name_000001,cust_0000620,お客様００００００１,620,,,,,,,,,,,,,,,,,,,,
document_name_000001,cust_0000621,お客様００００００１,621,,,,,,,,,,,,,,,,,,,,
document_name_000001,cust_0000622,お客様００００００１,622,,,,,,,,,,,,,,,,,,,,
document_name_000001,cust_0000623,お客様００００００１,623,,,,,,,,,,,,,,,,,,,,
document_name_000001,cust_0000624,お客様００００００１,624,,,,,,,,,,,,,,,,,,,,
document_name_000001,cust_0000625,お客様００００００１,625,,,,,,,,,,,,,,,,,,,,
document_name_000001,cust_0000626,お客様００００００１,626,,,,,,,,,,,,,,,,,,,,
document_name_000001,cust_0000627,お客様００００００１,627,,,,,,,,,,,,,,,,,,,,
document_name_000001,cust_0000628,お客様００００００１,628,,,,,,,,,,,,,,,,,,,,
document_name_000001,cust_0000629,お客様００００００１,629,,,,,,,,,,,,,,,,,,,,
document_name_000001,cust_0000630,お客様００００００１,630,,,,,,,,,,,,,,,,,,,,
document_name_000001,cust_0000631,お客様００００００１,631,,,,,,,,,,,,,,,,,,,,
document_name_000001,cust_0000632,お客様００００００１,632,,,,,,,,,,,,,,,,,,,,
document_name_000001,cust_0000633,お客様００００００１,633,,,,,,,,,,,,,,,,,,,,
document_name_000001,cust_0000634,お客様００００００１,634,,,,,,,,,,,,,,,,,,,,
document_name_000001,cust_0000635,お客様００００００１,635,,,,,,,,,,,,,,,,,,,,
document_name_000001,cust_0000636,お客様００００００１,636,,,,,,,,,,,,,,,,,,,,
document_name_000001,cust_0000637,お客様００００００１,637,,,,,,,,,,,,,,,,,,,,
document_name_000001,cust_0000638,お客様００００００１,638,,,,,,,,,,,,,,,,,,,,
document_name_000001,cust_0000639,お客様００００００１,639,,,,,,,,,,,,,,,,,,,,
document_name_000001,cust_0000640,お客様００００００１,640,,,,,,,,,,,,,,,,,,,,
document_name_000001,cust_0000641,お客様００００００１,641,,,,,,,,,,,,,,,,,,,,
document_name_000001,cust_0000642,お客様００００００１,642,,,,,,,,,,,,,,,,,,,,
document_name_000001,cust_0000643,お客様００００００１,643,,,,,,,,,,,,,,,,,,,,
document_name_000001,cust_0000644,お客様００００００１,644,,,,,,,,,,,,,,,,,,,,
document_name_000001,cust_0000645,お客様００００００１,645,,,,,,,,,,,,,,,,,,,,
document_name_000001,cust_0000646,お客様００００００１,646,,,,,,,,,,,,,,,,,,,,
document_name_000001,cust_0000647,お客様００００００１,647,,,,,,,,,,,,,,,,,,,,
document_name_000001,cust_0000648,お客様００００００１,648,,,,,,,,,,,,,,,,,,,,
document_name_000001,cust_0000649,お客様００００００１,649,,,,,,,,,,,,,,,,,,,,
document_name_000001,cust_0000650,お客様００００００１,650,,,,,,,,,,,,,,,,,,,,
document_name_000001,cust_0000651,お客様００００００１,651,,,,,,,,,,,,,,,,,,,,
document_name_000001,cust_0000652,お客様００００００１,652,,,,,,,,,,,,,,,,,,,,
document_name_000001,cust_0000653,お客様００００００１,653,,,,,,,,,,,,,,,,,,,,
document_name_000001,cust_0000654,お客様００００００１,654,,,,,,,,,,,,,,,,,,,,
document_name_000001,cust_0000655,お客様００００００１,655,,,,,,,,,,,,,,,,,,,,
document_name_000001,cust_0000656,お客様００００００１,656,,,,,,,,,,,,,,,,,,,,
document_name_000001,cust_0000657,お客様００００００１,657,,,,,,,,,,,,,,,,,,,,
document_name_000001,cust_0000658,お客様００００００１,658,,,,,,,,,,,,,,,,,,,,
document_name_000001,cust_0000659,お客様００００００１,659,,,,,,,,,,,,,,,,,,,,
document_name_000001,cust_0000660,お客様００００００１,660,,,,,,,,,,,,,,,,,,,,
document_name_000001,cust_0000661,お客様００００００１,661,,,,,,,,,,,,,,,,,,,,
document_name_000001,cust_0000662,お客様００００００１,662,,,,,,,,,,,,,,,,,,,,
document_name_000001,cust_0000663,お客様００００００１,663,,,,,,,,,,,,,,,,,,,,
document_name_000001,cust_0000664,お客様００００００１,664,,,,,,,,,,,,,,,,,,,,
document_name_000001,cust_0000665,お客様００００００１,665,,,,,,,,,,,,,,,,,,,,
document_name_000001,cust_0000666,お客様００００００１,666,,,,,,,,,,,,,,,,,,,,
document_name_000001,cust_0000667,お客様００００００１,667,,,,,,,,,,,,,,,,,,,,
document_name_000001,cust_0000668,お客様００００００１,668,,,,,,,,,,,,,,,,,,,,
document_name_000001,cust_0000669,お客様００００００１,669,,,,,,,,,,,,,,,,,,,,
document_name_000001,cust_0000670,お客様００００００１,670,,,,,,,,,,,,,,,,,,,,
document_name_000001,cust_0000671,お客様００００００１,671,,,,,,,,,,,,,,,,,,,,
document_name_000001,cust_0000672,お客様００００００１,672,,,,,,,,,,,,,,,,,,,,
document_name_000001,cust_0000673,お客様００００００１,673,,,,,,,,,,,,,,,,,,,,
document_name_000001,cust_0000674,お客様００００００１,674,,,,,,,,,,,,,,,,,,,,
document_name_000001,cust_0000675,お客様００００００１,675,,,,,,,,,,,,,,,,,,,,
document_name_000001,cust_0000676,お客様００００００１,676,,,,,,,,,,,,,,,,,,,,
document_name_000001,cust_0000677,お客様００００００１,677,,,,,,,,,,,,,,,,,,,,
document_name_000001,cust_0000678,お客様００００００１,678,,,,,,,,,,,,,,,,,,,,
document_name_000001,cust_0000679,お客様００００００１,679,,,,,,,,,,,,,,,,,,,,
document_name_000001,cust_0000680,お客様００００００１,680,,,,,,,,,,,,,,,,,,,,
document_name_000001,cust_0000681,お客様００００００１,681,,,,,,,,,,,,,,,,,,,,
document_name_000001,cust_0000682,お客様００００００１,682,,,,,,,,,,,,,,,,,,,,
document_name_000001,cust_0000683,お客様００００００１,683,,,,,,,,,,,,,,,,,,,,
document_name_000001,cust_0000684,お客様００００００１,684,,,,,,,,,,,,,,,,,,,,
document_name_000001,cust_0000685,お客様００００００１,685,,,,,,,,,,,,,,,,,,,,
document_name_000001,cust_0000686,お客様００００００１,686,,,,,,,,,,,,,,,,,,,,
document_name_000001,cust_0000687,お客様００００００１,687,,,,,,,,,,,,,,,,,,,,
document_name_000001,cust_0000688,お客様００００００１,688,,,,,,,,,,,,,,,,,,,,
document_name_000001,cust_0000689,お客様００００００１,689,,,,,,,,,,,,,,,,,,,,
document_name_000001,cust_0000690,お客様００００００１,690,,,,,,,,,,,,,,,,,,,,
document_name_000001,cust_0000691,お客様００００００１,691,,,,,,,,,,,,,,,,,,,,
document_name_000001,cust_0000692,お客様００００００１,692,,,,,,,,,,,,,,,,,,,,
document_name_000001,cust_0000693,お客様００００００１,693,,,,,,,,,,,,,,,,,,,,
document_name_000001,cust_0000694,お客様００００００１,694,,,,,,,,,,,,,,,,,,,,
document_name_000001,cust_0000695,お客様００００００１,695,,,,,,,,,,,,,,,,,,,,
document_name_000001,cust_0000696,お客様００００００１,696,,,,,,,,,,,,,,,,,,,,
document_name_000001,cust_0000697,お客様００００００１,697,,,,,,,,,,,,,,,,,,,,
document_name_000001,cust_0000698,お客様００００００１,698,,,,,,,,,,,,,,,,,,,,
document_name_000001,cust_0000699,お客様００００００１,699,,,,,,,,,,,,,,,,,,,,
document_name_000001,cust_0000700,お客様００００００１,700,,,,,,,,,,,,,,,,,,,,
document_name_000001,cust_0000701,お客様００００００１,701,,,,,,,,,,,,,,,,,,,,
document_name_000001,cust_0000702,お客様００００００１,702,,,,,,,,,,,,,,,,,,,,
document_name_000001,cust_0000703,お客様００００００１,703,,,,,,,,,,,,,,,,,,,,
document_name_000001,cust_0000704,お客様００００００１,704,,,,,,,,,,,,,,,,,,,,
document_name_000001,cust_0000705,お客様００００００１,705,,,,,,,,,,,,,,,,,,,,
document_name_000001,cust_0000706,お客様００００００１,706,,,,,,,,,,,,,,,,,,,,
document_name_000001,cust_0000707,お客様００００００１,707,,,,,,,,,,,,,,,,,,,,
document_name_000001,cust_0000708,お客様００００００１,708,,,,,,,,,,,,,,,,,,,,
document_name_000001,cust_0000709,お客様００００００１,709,,,,,,,,,,,,,,,,,,,,
document_name_000001,cust_0000710,お客様００００００１,710,,,,,,,,,,,,,,,,,,,,
document_name_000001,cust_0000711,お客様００００００１,711,,,,,,,,,,,,,,,,,,,,
document_name_000001,cust_0000712,お客様００００００１,712,,,,,,,,,,,,,,,,,,,,
document_name_000001,cust_0000713,お客様００００００１,713,,,,,,,,,,,,,,,,,,,,
document_name_000001,cust_0000714,お客様００００００１,714,,,,,,,,,,,,,,,,,,,,
document_name_000001,cust_0000715,お客様００００００１,715,,,,,,,,,,,,,,,,,,,,
document_name_000001,cust_0000716,お客様００００００１,716,,,,,,,,,,,,,,,,,,,,
document_name_000001,cust_0000717,お客様００００００１,717,,,,,,,,,,,,,,,,,,,,
document_name_000001,cust_0000718,お客様００００００１,718,,,,,,,,,,,,,,,,,,,,
document_name_000001,cust_0000719,お客様００００００１,719,,,,,,,,,,,,,,,,,,,,
document_name_000001,cust_0000720,お客様００００００１,720,,,,,,,,,,,,,,,,,,,,
document_name_000001,cust_0000721,お客様００００００１,721,,,,,,,,,,,,,,,,,,,,
document_name_000001,cust_0000722,お客様００００００１,722,,,,,,,,,,,,,,,,,,,,
document_name_000001,cust_0000723,お客様００００００１,723,,,,,,,,,,,,,,,,,,,,
document_name_000001,cust_0000724,お客様００００００１,724,,,,,,,,,,,,,,,,,,,,
document_name_000001,cust_0000725,お客様００００００１,725,,,,,,,,,,,,,,,,,,,,
document_name_000001,cust_0000726,お客様００００００１,726,,,,,,,,,,,,,,,,,,,,
document_name_000001,cust_0000727,お客様００００００１,727,,,,,,,,,,,,,,,,,,,,
document_name_000001,cust_0000728,お客様００００００１,728,,,,,,,,,,,,,,,,,,,,
document_name_000001,cust_0000729,お客様００００００１,729,,,,,,,,,,,,,,,,,,,,
document_name_000001,cust_0000730,お客様００００００１,730,,,,,,,,,,,,,,,,,,,,
document_name_000001,cust_0000731,お客様００００００１,731,,,,,,,,,,,,,,,,,,,,
document_name_000001,cust_0000732,お客様００００００１,732,,,,,,,,,,,,,,,,,,,,
document_name_000001,cust_0000733,お客様００００００１,733,,,,,,,,,,,,,,,,,,,,
document_name_000001,cust_0000734,お客様００００００１,734,,,,,,,,,,,,,,,,,,,,
document_name_000001,cust_0000735,お客様００００００１,735,,,,,,,,,,,,,,,,,,,,
document_name_000001,cust_0000736,お客様００００００１,736,,,,,,,,,,,,,,,,,,,,
document_name_000001,cust_0000737,お客様００００００１,737,,,,,,,,,,,,,,,,,,,,
document_name_000001,cust_0000738,お客様００００００１,738,,,,,,,,,,,,,,,,,,,,
document_name_000001,cust_0000739,お客様００００００１,739,,,,,,,,,,,,,,,,,,,,
document_name_000001,cust_0000740,お客様００００００１,740,,,,,,,,,,,,,,,,,,,,
document_name_000001,cust_0000741,お客様００００００１,741,,,,,,,,,,,,,,,,,,,,
document_name_000001,cust_0000742,お客様００００００１,742,,,,,,,,,,,,,,,,,,,,
document_name_000001,cust_0000743,お客様００００００１,743,,,,,,,,,,,,,,,,,,,,
document_name_000001,cust_0000744,お客様００００００１,744,,,,,,,,,,,,,,,,,,,,
document_name_000001,cust_0000745,お客様００００００１,745,,,,,,,,,,,,,,,,,,,,
document_name_000001,cust_0000746,お客様００００００１,746,,,,,,,,,,,,,,,,,,,,
document_name_000001,cust_0000747,お客様００００００１,747,,,,,,,,,,,,,,,,,,,,
document_name_000001,cust_0000748,お客様００００００１,748,,,,,,,,,,,,,,,,,,,,
document_name_000001,cust_0000749,お客様００００００１,749,,,,,,,,,,,,,,,,,,,,
document_name_000001,cust_0000750,お客様００００００１,750,,,,,,,,,,,,,,,,,,,,
document_name_000001,cust_0000751,お客様００００００１,751,,,,,,,,,,,,,,,,,,,,
document_name_000001,cust_0000752,お客様００００００１,752,,,,,,,,,,,,,,,,,,,,
document_name_000001,cust_0000753,お客様００００００１,753,,,,,,,,,,,,,,,,,,,,
document_name_000001,cust_0000754,お客様００００００１,754,,,,,,,,,,,,,,,,,,,,
document_name_000001,cust_0000755,お客様００００００１,755,,,,,,,,,,,,,,,,,,,,
document_name_000001,cust_0000756,お客様００００００１,756,,,,,,,,,,,,,,,,,,,,
document_name_000001,cust_0000757,お客様００００００１,757,,,,,,,,,,,,,,,,,,,,
document_name_000001,cust_0000758,お客様００００００１,758,,,,,,,,,,,,,,,,,,,,
document_name_000001,cust_0000759,お客様００００００１,759,,,,,,,,,,,,,,,,,,,,
document_name_000001,cust_0000760,お客様００００００１,760,,,,,,,,,,,,,,,,,,,,
document_name_000001,cust_0000761,お客様００００００１,761,,,,,,,,,,,,,,,,,,,,
document_name_000001,cust_0000762,お客様００００００１,762,,,,,,,,,,,,,,,,,,,,
document_name_000001,cust_0000763,お客様００００００１,763,,,,,,,,,,,,,,,,,,,,
document_name_000001,cust_0000764,お客様００００００１,764,,,,,,,,,,,,,,,,,,,,
document_name_000001,cust_0000765,お客様００００００１,765,,,,,,,,,,,,,,,,,,,,
document_name_000001,cust_0000766,お客様００００００１,766,,,,,,,,,,,,,,,,,,,,
document_name_000001,cust_0000767,お客様００００００１,767,,,,,,,,,,,,,,,,,,,,
document_name_000001,cust_0000768,お客様００００００１,768,,,,,,,,,,,,,,,,,,,,
document_name_000001,cust_0000769,お客様００００００１,769,,,,,,,,,,,,,,,,,,,,
document_name_000001,cust_0000770,お客様００００００１,770,,,,,,,,,,,,,,,,,,,,
document_name_000001,cust_0000771,お客様００００００１,771,,,,,,,,,,,,,,,,,,,,
document_name_000001,cust_0000772,お客様００００００１,772,,,,,,,,,,,,,,,,,,,,
document_name_000001,cust_0000773,お客様００００００１,773,,,,,,,,,,,,,,,,,,,,
document_name_000001,cust_0000774,お客様００００００１,774,,,,,,,,,,,,,,,,,,,,
document_name_000001,cust_0000775,お客様００００００１,775,,,,,,,,,,,,,,,,,,,,
document_name_000001,cust_0000776,お客様００００００１,776,,,,,,,,,,,,,,,,,,,,
document_name_000001,cust_0000777,お客様００００００１,777,,,,,,,,,,,,,,,,,,,,
document_name_000001,cust_0000778,お客様００００００１,778,,,,,,,,,,,,,,,,,,,,
document_name_000001,cust_0000779,お客様００００００１,779,,,,,,,,,,,,,,,,,,,,
document_name_000001,cust_0000780,お客様００００００１,780,,,,,,,,,,,,,,,,,,,,
document_name_000001,cust_0000781,お客様００００００１,781,,,,,,,,,,,,,,,,,,,,
document_name_000001,cust_0000782,お客様００００００１,782,,,,,,,,,,,,,,,,,,,,
document_name_000001,cust_0000783,お客様００００００１,783,,,,,,,,,,,,,,,,,,,,
document_name_000001,cust_0000784,お客様００００００１,784,,,,,,,,,,,,,,,,,,,,
document_name_000001,cust_0000785,お客様００００００１,785,,,,,,,,,,,,,,,,,,,,
document_name_000001,cust_0000786,お客様００００００１,786,,,,,,,,,,,,,,,,,,,,
document_name_000001,cust_0000787,お客様００００００１,787,,,,,,,,,,,,,,,,,,,,
document_name_000001,cust_0000788,お客様００００００１,788,,,,,,,,,,,,,,,,,,,,
document_name_000001,cust_0000789,お客様００００００１,789,,,,,,,,,,,,,,,,,,,,
document_name_000001,cust_0000790,お客様００００００１,790,,,,,,,,,,,,,,,,,,,,
document_name_000001,cust_0000791,お客様００００００１,791,,,,,,,,,,,,,,,,,,,,
document_name_000001,cust_0000792,お客様００００００１,792,,,,,,,,,,,,,,,,,,,,
document_name_000001,cust_0000793,お客様００００００１,793,,,,,,,,,,,,,,,,,,,,
document_name_000001,cust_0000794,お客様００００００１,794,,,,,,,,,,,,,,,,,,,,
document_name_000001,cust_0000795,お客様００００００１,795,,,,,,,,,,,,,,,,,,,,
document_name_000001,cust_0000796,お客様００００００１,796,,,,,,,,,,,,,,,,,,,,
document_name_000001,cust_0000797,お客様００００００１,797,,,,,,,,,,,,,,,,,,,,
document_name_000001,cust_0000798,お客様００００００１,798,,,,,,,,,,,,,,,,,,,,
document_name_000001,cust_0000799,お客様００００００１,799,,,,,,,,,,,,,,,,,,,,
document_name_000001,cust_0000800,お客様００００００１,800,,,,,,,,,,,,,,,,,,,,
document_name_000001,cust_0000801,お客様００００００１,801,,,,,,,,,,,,,,,,,,,,
document_name_000001,cust_0000802,お客様００００００１,802,,,,,,,,,,,,,,,,,,,,
document_name_000001,cust_0000803,お客様００００００１,803,,,,,,,,,,,,,,,,,,,,
document_name_000001,cust_0000804,お客様００００００１,804,,,,,,,,,,,,,,,,,,,,
document_name_000001,cust_0000805,お客様００００００１,805,,,,,,,,,,,,,,,,,,,,
document_name_000001,cust_0000806,お客様００００００１,806,,,,,,,,,,,,,,,,,,,,
document_name_000001,cust_0000807,お客様００００００１,807,,,,,,,,,,,,,,,,,,,,
document_name_000001,cust_0000808,お客様００００００１,808,,,,,,,,,,,,,,,,,,,,
document_name_000001,cust_0000809,お客様００００００１,809,,,,,,,,,,,,,,,,,,,,
document_name_000001,cust_0000810,お客様００００００１,810,,,,,,,,,,,,,,,,,,,,
document_name_000001,cust_0000811,お客様００００００１,811,,,,,,,,,,,,,,,,,,,,
document_name_000001,cust_0000812,お客様００００００１,812,,,,,,,,,,,,,,,,,,,,
document_name_000001,cust_0000813,お客様００００００１,813,,,,,,,,,,,,,,,,,,,,
document_name_000001,cust_0000814,お客様００００００１,814,,,,,,,,,,,,,,,,,,,,
document_name_000001,cust_0000815,お客様００００００１,815,,,,,,,,,,,,,,,,,,,,
document_name_000001,cust_0000816,お客様００００００１,816,,,,,,,,,,,,,,,,,,,,
document_name_000001,cust_0000817,お客様００００００１,817,,,,,,,,,,,,,,,,,,,,
document_name_000001,cust_0000818,お客様００００００１,818,,,,,,,,,,,,,,,,,,,,
document_name_000001,cust_0000819,お客様００００００１,819,,,,,,,,,,,,,,,,,,,,
document_name_000001,cust_0000820,お客様００００００１,820,,,,,,,,,,,,,,,,,,,,
document_name_000001,cust_0000821,お客様００００００１,821,,,,,,,,,,,,,,,,,,,,
document_name_000001,cust_0000822,お客様００００００１,822,,,,,,,,,,,,,,,,,,,,
document_name_000001,cust_0000823,お客様００００００１,823,,,,,,,,,,,,,,,,,,,,
document_name_000001,cust_0000824,お客様００００００１,824,,,,,,,,,,,,,,,,,,,,
document_name_000001,cust_0000825,お客様００００００１,825,,,,,,,,,,,,,,,,,,,,
document_name_000001,cust_0000826,お客様００００００１,826,,,,,,,,,,,,,,,,,,,,
document_name_000001,cust_0000827,お客様００００００１,827,,,,,,,,,,,,,,,,,,,,
document_name_000001,cust_0000828,お客様００００００１,828,,,,,,,,,,,,,,,,,,,,
document_name_000001,cust_0000829,お客様００００００１,829,,,,,,,,,,,,,,,,,,,,
document_name_000001,cust_0000830,お客様００００００１,830,,,,,,,,,,,,,,,,,,,,
document_name_000001,cust_0000831,お客様００００００１,831,,,,,,,,,,,,,,,,,,,,
document_name_000001,cust_0000832,お客様００００００１,832,,,,,,,,,,,,,,,,,,,,
document_name_000001,cust_0000833,お客様００００００１,833,,,,,,,,,,,,,,,,,,,,
document_name_000001,cust_0000834,お客様００００００１,834,,,,,,,,,,,,,,,,,,,,
document_name_000001,cust_0000835,お客様００００００１,835,,,,,,,,,,,,,,,,,,,,
document_name_000001,cust_0000836,お客様００００００１,836,,,,,,,,,,,,,,,,,,,,
document_name_000001,cust_0000837,お客様００００００１,837,,,,,,,,,,,,,,,,,,,,
document_name_000001,cust_0000838,お客様００００００１,838,,,,,,,,,,,,,,,,,,,,
document_name_000001,cust_0000839,お客様００００００１,839,,,,,,,,,,,,,,,,,,,,
document_name_000001,cust_0000840,お客様００００００１,840,,,,,,,,,,,,,,,,,,,,
document_name_000001,cust_0000841,お客様００００００１,841,,,,,,,,,,,,,,,,,,,,
document_name_000001,cust_0000842,お客様００００００１,842,,,,,,,,,,,,,,,,,,,,
document_name_000001,cust_0000843,お客様００００００１,843,,,,,,,,,,,,,,,,,,,,
document_name_000001,cust_0000844,お客様００００００１,844,,,,,,,,,,,,,,,,,,,,
document_name_000001,cust_0000845,お客様００００００１,845,,,,,,,,,,,,,,,,,,,,
document_name_000001,cust_0000846,お客様００００００１,846,,,,,,,,,,,,,,,,,,,,
document_name_000001,cust_0000847,お客様００００００１,847,,,,,,,,,,,,,,,,,,,,
document_name_000001,cust_0000848,お客様００００００１,848,,,,,,,,,,,,,,,,,,,,
document_name_000001,cust_0000849,お客様００００００１,849,,,,,,,,,,,,,,,,,,,,
document_name_000001,cust_0000850,お客様００００００１,850,,,,,,,,,,,,,,,,,,,,
document_name_000001,cust_0000851,お客様００００００１,851,,,,,,,,,,,,,,,,,,,,
document_name_000001,cust_0000852,お客様００００００１,852,,,,,,,,,,,,,,,,,,,,
document_name_000001,cust_0000853,お客様００００００１,853,,,,,,,,,,,,,,,,,,,,
document_name_000001,cust_0000854,お客様００００００１,854,,,,,,,,,,,,,,,,,,,,
document_name_000001,cust_0000855,お客様００００００１,855,,,,,,,,,,,,,,,,,,,,
document_name_000001,cust_0000856,お客様００００００１,856,,,,,,,,,,,,,,,,,,,,
document_name_000001,cust_0000857,お客様００００００１,857,,,,,,,,,,,,,,,,,,,,
document_name_000001,cust_0000858,お客様００００００１,858,,,,,,,,,,,,,,,,,,,,
document_name_000001,cust_0000859,お客様００００００１,859,,,,,,,,,,,,,,,,,,,,
document_name_000001,cust_0000860,お客様００００００１,860,,,,,,,,,,,,,,,,,,,,
document_name_000001,cust_0000861,お客様００００００１,861,,,,,,,,,,,,,,,,,,,,
document_name_000001,cust_0000862,お客様００００００１,862,,,,,,,,,,,,,,,,,,,,
document_name_000001,cust_0000863,お客様００００００１,863,,,,,,,,,,,,,,,,,,,,
document_name_000001,cust_0000864,お客様００００００１,864,,,,,,,,,,,,,,,,,,,,
document_name_000001,cust_0000865,お客様００００００１,865,,,,,,,,,,,,,,,,,,,,
document_name_000001,cust_0000866,お客様００００００１,866,,,,,,,,,,,,,,,,,,,,
document_name_000001,cust_0000867,お客様００００００１,867,,,,,,,,,,,,,,,,,,,,
document_name_000001,cust_0000868,お客様００００００１,868,,,,,,,,,,,,,,,,,,,,
document_name_000001,cust_0000869,お客様００００００１,869,,,,,,,,,,,,,,,,,,,,
document_name_000001,cust_0000870,お客様００００００１,870,,,,,,,,,,,,,,,,,,,,
document_name_000001,cust_0000871,お客様００００００１,871,,,,,,,,,,,,,,,,,,,,
document_name_000001,cust_0000872,お客様００００００１,872,,,,,,,,,,,,,,,,,,,,
document_name_000001,cust_0000873,お客様００００００１,873,,,,,,,,,,,,,,,,,,,,
document_name_000001,cust_0000874,お客様００００００１,874,,,,,,,,,,,,,,,,,,,,
document_name_000001,cust_0000875,お客様００００００１,875,,,,,,,,,,,,,,,,,,,,
document_name_000001,cust_0000876,お客様００００００１,876,,,,,,,,,,,,,,,,,,,,
document_name_000001,cust_0000877,お客様００００００１,877,,,,,,,,,,,,,,,,,,,,
document_name_000001,cust_0000878,お客様００００００１,878,,,,,,,,,,,,,,,,,,,,
document_name_000001,cust_0000879,お客様００００００１,879,,,,,,,,,,,,,,,,,,,,
document_name_000001,cust_0000880,お客様００００００１,880,,,,,,,,,,,,,,,,,,,,
document_name_000001,cust_0000881,お客様００００００１,881,,,,,,,,,,,,,,,,,,,,
document_name_000001,cust_0000882,お客様００００００１,882,,,,,,,,,,,,,,,,,,,,
document_name_000001,cust_0000883,お客様００００００１,883,,,,,,,,,,,,,,,,,,,,
document_name_000001,cust_0000884,お客様００００００１,884,,,,,,,,,,,,,,,,,,,,
document_name_000001,cust_0000885,お客様００００００１,885,,,,,,,,,,,,,,,,,,,,
document_name_000001,cust_0000886,お客様００００００１,886,,,,,,,,,,,,,,,,,,,,
document_name_000001,cust_0000887,お客様００００００１,887,,,,,,,,,,,,,,,,,,,,
document_name_000001,cust_0000888,お客様００００００１,888,,,,,,,,,,,,,,,,,,,,
document_name_000001,cust_0000889,お客様００００００１,889,,,,,,,,,,,,,,,,,,,,
document_name_000001,cust_0000890,お客様００００００１,890,,,,,,,,,,,,,,,,,,,,
document_name_000001,cust_0000891,お客様００００００１,891,,,,,,,,,,,,,,,,,,,,
document_name_000001,cust_0000892,お客様００００００１,892,,,,,,,,,,,,,,,,,,,,
document_name_000001,cust_0000893,お客様００００００１,893,,,,,,,,,,,,,,,,,,,,
document_name_000001,cust_0000894,お客様００００００１,894,,,,,,,,,,,,,,,,,,,,
document_name_000001,cust_0000895,お客様００００００１,895,,,,,,,,,,,,,,,,,,,,
document_name_000001,cust_0000896,お客様００００００１,896,,,,,,,,,,,,,,,,,,,,
document_name_000001,cust_0000897,お客様００００００１,897,,,,,,,,,,,,,,,,,,,,
document_name_000001,cust_0000898,お客様００００００１,898,,,,,,,,,,,,,,,,,,,,
document_name_000001,cust_0000899,お客様００００００１,899,,,,,,,,,,,,,,,,,,,,
document_name_000001,cust_0000900,お客様００００００１,900,,,,,,,,,,,,,,,,,,,,
document_name_000001,cust_0000901,お客様００００００１,901,,,,,,,,,,,,,,,,,,,,
document_name_000001,cust_0000902,お客様００００００１,902,,,,,,,,,,,,,,,,,,,,
document_name_000001,cust_0000903,お客様００００００１,903,,,,,,,,,,,,,,,,,,,,
document_name_000001,cust_0000904,お客様００００００１,904,,,,,,,,,,,,,,,,,,,,
document_name_000001,cust_0000905,お客様００００００１,905,,,,,,,,,,,,,,,,,,,,
document_name_000001,cust_0000906,お客様００００００１,906,,,,,,,,,,,,,,,,,,,,
document_name_000001,cust_0000907,お客様００００００１,907,,,,,,,,,,,,,,,,,,,,
document_name_000001,cust_0000908,お客様００００００１,908,,,,,,,,,,,,,,,,,,,,
document_name_000001,cust_0000909,お客様００００００１,909,,,,,,,,,,,,,,,,,,,,
document_name_000001,cust_0000910,お客様００００００１,910,,,,,,,,,,,,,,,,,,,,
document_name_000001,cust_0000911,お客様００００００１,911,,,,,,,,,,,,,,,,,,,,
document_name_000001,cust_0000912,お客様００００００１,912,,,,,,,,,,,,,,,,,,,,
document_name_000001,cust_0000913,お客様００００００１,913,,,,,,,,,,,,,,,,,,,,
document_name_000001,cust_0000914,お客様００００００１,914,,,,,,,,,,,,,,,,,,,,
document_name_000001,cust_0000915,お客様００００００１,915,,,,,,,,,,,,,,,,,,,,
document_name_000001,cust_0000916,お客様００００００１,916,,,,,,,,,,,,,,,,,,,,
document_name_000001,cust_0000917,お客様００００００１,917,,,,,,,,,,,,,,,,,,,,
document_name_000001,cust_0000918,お客様００００００１,918,,,,,,,,,,,,,,,,,,,,
document_name_000001,cust_0000919,お客様００００００１,919,,,,,,,,,,,,,,,,,,,,
document_name_000001,cust_0000920,お客様００００００１,920,,,,,,,,,,,,,,,,,,,,
document_name_000001,cust_0000921,お客様００００００１,921,,,,,,,,,,,,,,,,,,,,
document_name_000001,cust_0000922,お客様００００００１,922,,,,,,,,,,,,,,,,,,,,
document_name_000001,cust_0000923,お客様００００００１,923,,,,,,,,,,,,,,,,,,,,
document_name_000001,cust_0000924,お客様００００００１,924,,,,,,,,,,,,,,,,,,,,
document_name_000001,cust_0000925,お客様００００００１,925,,,,,,,,,,,,,,,,,,,,
document_name_000001,cust_0000926,お客様００００００１,926,,,,,,,,,,,,,,,,,,,,
document_name_000001,cust_0000927,お客様００００００１,927,,,,,,,,,,,,,,,,,,,,
document_name_000001,cust_0000928,お客様００００００１,928,,,,,,,,,,,,,,,,,,,,
document_name_000001,cust_0000929,お客様００００００１,929,,,,,,,,,,,,,,,,,,,,
document_name_000001,cust_0000930,お客様００００００１,930,,,,,,,,,,,,,,,,,,,,
document_name_000001,cust_0000931,お客様００００００１,931,,,,,,,,,,,,,,,,,,,,
document_name_000001,cust_0000932,お客様００００００１,932,,,,,,,,,,,,,,,,,,,,
document_name_000001,cust_0000933,お客様００００００１,933,,,,,,,,,,,,,,,,,,,,
document_name_000001,cust_0000934,お客様００００００１,934,,,,,,,,,,,,,,,,,,,,
document_name_000001,cust_0000935,お客様００００００１,935,,,,,,,,,,,,,,,,,,,,
document_name_000001,cust_0000936,お客様００００００１,936,,,,,,,,,,,,,,,,,,,,
document_name_000001,cust_0000937,お客様００００００１,937,,,,,,,,,,,,,,,,,,,,
document_name_000001,cust_0000938,お客様００００００１,938,,,,,,,,,,,,,,,,,,,,
document_name_000001,cust_0000939,お客様００００００１,939,,,,,,,,,,,,,,,,,,,,
document_name_000001,cust_0000940,お客様００００００１,940,,,,,,,,,,,,,,,,,,,,
document_name_000001,cust_0000941,お客様００００００１,941,,,,,,,,,,,,,,,,,,,,
document_name_000001,cust_0000942,お客様００００００１,942,,,,,,,,,,,,,,,,,,,,
document_name_000001,cust_0000943,お客様００００００１,943,,,,,,,,,,,,,,,,,,,,
document_name_000001,cust_0000944,お客様００００００１,944,,,,,,,,,,,,,,,,,,,,
document_name_000001,cust_0000945,お客様００００００１,945,,,,,,,,,,,,,,,,,,,,
document_name_000001,cust_0000946,お客様００００００１,946,,,,,,,,,,,,,,,,,,,,
document_name_000001,cust_0000947,お客様００００００１,947,,,,,,,,,,,,,,,,,,,,
document_name_000001,cust_0000948,お客様００００００１,948,,,,,,,,,,,,,,,,,,,,
document_name_000001,cust_0000949,お客様００００００１,949,,,,,,,,,,,,,,,,,,,,
document_name_000001,cust_0000950,お客様００００００１,950,,,,,,,,,,,,,,,,,,,,
document_name_000001,cust_0000951,お客様００００００１,951,,,,,,,,,,,,,,,,,,,,
document_name_000001,cust_0000952,お客様００００００１,952,,,,,,,,,,,,,,,,,,,,
document_name_000001,cust_0000953,お客様００００００１,953,,,,,,,,,,,,,,,,,,,,
document_name_000001,cust_0000954,お客様００００００１,954,,,,,,,,,,,,,,,,,,,,
document_name_000001,cust_0000955,お客様００００００１,955,,,,,,,,,,,,,,,,,,,,
document_name_000001,cust_0000956,お客様００００００１,956,,,,,,,,,,,,,,,,,,,,
document_name_000001,cust_0000957,お客様００００００１,957,,,,,,,,,,,,,,,,,,,,
document_name_000001,cust_0000958,お客様００００００１,958,,,,,,,,,,,,,,,,,,,,
document_name_000001,cust_0000959,お客様００００００１,959,,,,,,,,,,,,,,,,,,,,
document_name_000001,cust_0000960,お客様００００００１,960,,,,,,,,,,,,,,,,,,,,
document_name_000001,cust_0000961,お客様００００００１,961,,,,,,,,,,,,,,,,,,,,
document_name_000001,cust_0000962,お客様００００００１,962,,,,,,,,,,,,,,,,,,,,
document_name_000001,cust_0000963,お客様００００００１,963,,,,,,,,,,,,,,,,,,,,
document_name_000001,cust_0000964,お客様００００００１,964,,,,,,,,,,,,,,,,,,,,
document_name_000001,cust_0000965,お客様００００００１,965,,,,,,,,,,,,,,,,,,,,
document_name_000001,cust_0000966,お客様００００００１,966,,,,,,,,,,,,,,,,,,,,
document_name_000001,cust_0000967,お客様００００００１,967,,,,,,,,,,,,,,,,,,,,
document_name_000001,cust_0000968,お客様００００００１,968,,,,,,,,,,,,,,,,,,,,
document_name_000001,cust_0000969,お客様００００００１,969,,,,,,,,,,,,,,,,,,,,
document_name_000001,cust_0000970,お客様００００００１,970,,,,,,,,,,,,,,,,,,,,
document_name_000001,cust_0000971,お客様００００００１,971,,,,,,,,,,,,,,,,,,,,
document_name_000001,cust_0000972,お客様００００００１,972,,,,,,,,,,,,,,,,,,,,
document_name_000001,cust_0000973,お客様００００００１,973,,,,,,,,,,,,,,,,,,,,
document_name_000001,cust_0000974,お客様００００００１,974,,,,,,,,,,,,,,,,,,,,
document_name_000001,cust_0000975,お客様００００００１,975,,,,,,,,,,,,,,,,,,,,
document_name_000001,cust_0000976,お客様００００００１,976,,,,,,,,,,,,,,,,,,,,
document_name_000001,cust_0000977,お客様００００００１,977,,,,,,,,,,,,,,,,,,,,
document_name_000001,cust_0000978,お客様００００００１,978,,,,,,,,,,,,,,,,,,,,
document_name_000001,cust_0000979,お客様００００００１,979,,,,,,,,,,,,,,,,,,,,
document_name_000001,cust_0000980,お客様００００００１,980,,,,,,,,,,,,,,,,,,,,
document_name_000001,cust_0000981,お客様００００００１,981,,,,,,,,,,,,,,,,,,,,
document_name_000001,cust_0000982,お客様００００００１,982,,,,,,,,,,,,,,,,,,,,
document_name_000001,cust_0000983,お客様００００００１,983,,,,,,,,,,,,,,,,,,,,
document_name_000001,cust_0000984,お客様００００００１,984,,,,,,,,,,,,,,,,,,,,
document_name_000001,cust_0000985,お客様００００００１,985,,,,,,,,,,,,,,,,,,,,
document_name_000001,cust_0000986,お客様００００００１,986,,,,,,,,,,,,,,,,,,,,
document_name_000001,cust_0000987,お客様００００００１,987,,,,,,,,,,,,,,,,,,,,
document_name_000001,cust_0000988,お客様００００００１,988,,,,,,,,,,,,,,,,,,,,
document_name_000001,cust_0000989,お客様００００００１,989,,,,,,,,,,,,,,,,,,,,
document_name_000001,cust_0000990,お客様００００００１,990,,,,,,,,,,,,,,,,,,,,
document_name_000001,cust_0000991,お客様００００００１,991,,,,,,,,,,,,,,,,,,,,
document_name_000001,cust_0000992,お客様００００００１,992,,,,,,,,,,,,,,,,,,,,
document_name_000001,cust_0000993,お客様００００００１,993,,,,,,,,,,,,,,,,,,,,
document_name_000001,cust_0000994,お客様００００００１,994,,,,,,,,,,,,,,,,,,,,
document_name_000001,cust_0000995,お客様００００００１,995,,,,,,,,,,,,,,,,,,,,
document_name_000001,cust_0000996,お客様００００００１,996,,,,,,,,,,,,,,,,,,,,
document_name_000001,cust_0000997,お客様００００００１,997,,,,,,,,,,,,,,,,,,,,
document_name_000001,cust_0000998,お客様００００００１,998,,,,,,,,,,,,,,,,,,,,
document_name_000001,cust_0000999,お客様００００００１,999,,,,,,,,,,,,,,,,,,,,
document_name_000001,cust_0001000,お客様００００００１,1000,,,,,,,,,,,,,,,,,,,,
